{"parameters/graph_4fc.bias":{"values":[1,0,1,0,0,1,0,0,0,0,0,0,0,0,0,1,0,0,0,0,1,1,0,0,0,1,1,0,0,0,0,0,0,0,0,0,0,0,0,1,0,0,0,0,0,0,0,0,0,0,0,0,0,0,0,0,0,0,0,0,0,0,0,1],"bins":[-0.02605079859495163,-0.024876292794942856,-0.02370178885757923,-0.022527283057570457,-0.021352779120206833,-0.02017827332019806,-0.019003767520189285,-0.01782926358282566,-0.016654759645462036,-0.015480253845453262,-0.014305748976767063,-0.013131244108080864,-0.01195673830807209,-0.010782233439385891,-0.009607728570699692,-0.008433224633336067,-0.007258718833327293,-0.00608421303331852,-0.004909709095954895,-0.003735203295946121,-0.0025606993585824966,-0.0013861935585737228,-0.00021168962121009827,0.0009628161787986755,0.0021373219788074493,0.003311825916171074,0.004486331716179848,0.005660835653543472,0.006835341453552246,0.00800984725356102,0.009184349328279495,0.010358855128288269,0.011533360928297043,0.012707866728305817,0.01388237252831459,0.015056874603033066,0.01623138040304184,0.017405886203050613,0.018580390140414238,0.019754895940423012,0.020929399877786636,0.02210390567779541,0.023278411477804184,0.02445291541516781,0.025627421215176582,0.026801925152540207,0.02797643095254898,0.029150934889912605,0.03032544068992138,0.031499944627285004,0.03267445042729378,0.03384895622730255,0.03502345830202103,0.0361979678273201,0.037372469902038574,0.03854697570204735,0.03972148150205612,0.0408959835767746,0.04207048937678337,0.043244995176792145,0.04441950097680092,0.04559400677680969,0.04676850885152817,0.04794301465153694,0.049117520451545715],"_type":"histogram"},"parameters/graph_4layer1.0.bias":{"bins":[-0.26108115911483765,-0.25621673464775085,-0.25135231018066406,-0.24648787081241608,-0.24162344634532928,-0.2367590069770813,-0.2318945825099945,-0.22703015804290771,-0.22216571867465973,-0.21730129420757294,-0.21243685483932495,-0.20757243037223816,-0.20270800590515137,-0.19784358143806458,-0.1929791420698166,-0.1881147176027298,-0.1832502782344818,-0.17838585376739502,-0.17352142930030823,-0.16865700483322144,-0.16379256546497345,-0.15892814099788666,-0.15406370162963867,-0.14919927716255188,-0.1443348526954651,-0.1394704282283783,-0.1346059888601303,-0.12974156439304352,-0.12487712502479553,-0.12001270055770874,-0.11514827609062195,-0.11028383672237396,-0.10541941225528717,-0.10055498778820038,-0.09569054841995239,-0.0908261239528656,-0.08596169948577881,-0.08109726011753082,-0.07623283565044403,-0.07136841118335724,-0.06650397181510925,-0.06163955107331276,-0.05677511915564537,-0.05191068723797798,-0.04704626277089119,-0.0421818308532238,-0.03731739893555641,-0.03245297446846962,-0.02758854255080223,-0.022724110633134842,-0.01785968616604805,-0.012995254248380661,-0.008130822330713272,-0.0032663941383361816,0.0015980340540409088,0.006462465971708298,0.011326894164085388,0.01619132235646248,0.021055754274129868,0.025920182466506958,0.030784612521529198,0.03564904257655144,0.04051347076892853,0.04537790268659592,0.05024233087897301],"_type":"histogram","values":[1,0,0,1,0,0,0,0,0,1,0,0,1,0,0,0,0,1,0,1,1,0,0,1,0,0,0,0,1,0,0,0,0,0,1,0,1,1,0,0,0,1,0,1,0,0,1,0,3,2,0,2,0,2,0,0,1,1,1,0,1,0,2,2]},"test_accuracy":0.9904,"epoch":2,"gradients/graph_4fc.weight":{"bins":[-0.026282332837581635,-0.025582991540431976,-0.024883650243282318,-0.02418430894613266,-0.023484967648983,-0.022785624489188194,-0.022086283192038536,-0.021386941894888878,-0.02068760059773922,-0.01998825930058956,-0.019288918003439903,-0.018589574843645096,-0.017890233546495438,-0.01719089224934578,-0.01649155095219612,-0.015792209655046463,-0.015092868357896805,-0.014393527060747147,-0.013694185763597488,-0.012994843535125256,-0.012295502237975597,-0.01159616094082594,-0.010896818712353706,-0.010197477415204048,-0.00949813611805439,-0.008798794820904732,-0.008099453523755074,-0.007400112226605415,-0.006700769066810608,-0.00600142776966095,-0.0053020864725112915,-0.004602745175361633,-0.003903402015566826,-0.0032040607184171677,-0.0025047194212675095,-0.0018053781241178513,-0.001106036826968193,-0.0004066936671733856,0.0002926476299762726,0.0009919889271259308,0.001691330224275589,0.002390671521425247,0.0030900128185749054,0.003789355047047138,0.004488696344196796,0.005188037641346455,0.0058873798698186874,0.006586721166968346,0.007286062464118004,0.007985403761267662,0.00868474505841732,0.009384087286889553,0.010083428584039211,0.01078276988118887,0.011482112109661102,0.01218145340681076,0.012880794703960419,0.013580136001110077,0.014279477298259735,0.014978819526731968,0.01567815989255905,0.01637750305235386,0.017076844349503517,0.017776185646653175,0.018475526943802834],"_type":"histogram","values":[1,0,0,0,1,0,0,2,4,1,1,2,3,3,3,6,1,0,5,10,7,9,12,19,16,12,27,19,28,43,46,64,85,104,181,271,589,27491,1073,384,249,155,107,76,56,56,28,22,18,21,14,7,7,5,3,4,1,0,2,2,2,1,0,1]},"test_precision":0.9904335919132818,"train_precision":0.9915882047435732,"best_val_accuracy":0.9890219560878244,"parameters/graph_4layer2.0.weight":{"bins":[-0.5725675821304321,-0.5565412044525146,-0.5405148267745972,-0.5244883894920349,-0.5084620118141174,-0.49243563413619995,-0.47640925645828247,-0.460382878780365,-0.4443564713001251,-0.42833006381988525,-0.4123036861419678,-0.3962773084640503,-0.3802509307861328,-0.36422452330589294,-0.34819814562797546,-0.3321717381477356,-0.3161453604698181,-0.30011898279190063,-0.28409257531166077,-0.2680661976337433,-0.2520397901535034,-0.23601341247558594,-0.21998703479766846,-0.2039606273174286,-0.1879342496395111,-0.17190787196159363,-0.15588146448135376,-0.13985508680343628,-0.1238287091255188,-0.10780230164527893,-0.09177592396736145,-0.07574951648712158,-0.0597231388092041,-0.04369676113128662,-0.027670353651046753,-0.011643975973129272,0.004382431507110596,0.020408809185028076,0.03643518686294556,0.052461594343185425,0.0684879720211029,0.08451434969902039,0.10054075717926025,0.11656713485717773,0.13259351253509521,0.14861992001533508,0.16464629769325256,0.18067270517349243,0.1966990828514099,0.2127254754304886,0.22875186800956726,0.24477824568748474,0.2608046531677246,0.2768310308456421,0.29285740852355957,0.30888378620147705,0.3249101936817169,0.3409366011619568,0.35696297883987427,0.37298935651779175,0.38901573419570923,0.4050421416759491,0.4210685193538666,0.43709492683410645,0.4531213045120239],"_type":"histogram","values":[2,0,0,1,0,2,0,1,1,3,6,8,13,13,20,26,35,54,60,77,90,125,196,256,328,410,512,672,901,1265,1729,3389,5526,6636,6971,6674,4502,3197,2298,1605,1116,757,490,369,252,186,120,106,66,50,21,21,15,8,6,3,4,1,1,1,2,0,0,1]},"parameters/graph_4layer1.0.weight":{"bins":[-0.544603168964386,-0.5298505425453186,-0.5150978565216064,-0.5003452301025391,-0.4855926036834717,-0.4708399474620819,-0.4560873210430145,-0.44133466482162476,-0.4265820384025574,-0.4118293821811676,-0.39707672595977783,-0.38232409954071045,-0.36757147312164307,-0.3528188169002533,-0.3380661606788635,-0.32331353425979614,-0.30856090784072876,-0.293808251619339,-0.2790555953979492,-0.26430296897888184,-0.24955031275749207,-0.23479768633842468,-0.2200450301170349,-0.20529240369796753,-0.19053974747657776,-0.17578712105751038,-0.1610344648361206,-0.14628183841705322,-0.13152918219566345,-0.11677655577659607,-0.1020238995552063,-0.08727127313613892,-0.07251861691474915,-0.057765960693359375,-0.04301333427429199,-0.02826067805290222,-0.013508051633834839,0.0012446045875549316,0.015997231006622314,0.030749887228012085,0.04550251364707947,0.06025516986846924,0.07500779628753662,0.08976045250892639,0.10451307892799377,0.11926573514938354,0.13401836156845093,0.1487710177898407,0.16352365911006927,0.17827630043029785,0.19302894175052643,0.207781583070755,0.22253422439098358,0.23728686571121216,0.25203949213027954,0.2667921483516693,0.2815448045730591,0.29629743099212646,0.31105008721351624,0.3258027136325836,0.3405553698539734,0.35530799627304077,0.37006065249443054,0.3848132789134979,0.3995659351348877],"_type":"histogram",