{"train_accuracy":0.9930372148859544,"parameters/layer2.0.bias":{"bins":[-0.3817741274833679,-0.3760974705219269,-0.37042081356048584,-0.3647441565990448,-0.35906749963760376,-0.3533908426761627,-0.3477141857147217,-0.34203752875328064,-0.3363608717918396,-0.33068421483039856,-0.3250075578689575,-0.3193309009075165,-0.31365424394607544,-0.3079775869846344,-0.30230093002319336,-0.2966242730617523,-0.2909476161003113,-0.28527095913887024,-0.2795943021774292,-0.27391764521598816,-0.2682409882545471,-0.2625643312931061,-0.25688767433166504,-0.251211017370224,-0.24553436040878296,-0.23985770344734192,-0.23418104648590088,-0.22850438952445984,-0.2228277325630188,-0.21715107560157776,-0.21147441864013672,-0.20579776167869568,-0.20012110471725464,-0.1944444477558136,-0.18876779079437256,-0.18309113383293152,-0.17741447687149048,-0.17173781991004944,-0.1660611629486084,-0.16038450598716736,-0.15470784902572632,-0.14903119206428528,-0.14335453510284424,-0.1376778781414032,-0.13200122117996216,-0.12632456421852112,-0.12064790725708008,-0.11497125029563904,-0.109294593334198,-0.10361793637275696,-0.09794127941131592,-0.09226462244987488,-0.08658796548843384,-0.0809113085269928,-0.07523465156555176,-0.06955799460411072,-0.06388133764266968,-0.05820467695593834,-0.0525280199944973,-0.04685136303305626,-0.04117470607161522,-0.03549804911017418,-0.02982139214873314,-0.0241447351872921,-0.01846807822585106],"_type":"histogram","values":[1,0,0,0,0,0,0,0,0,0,0,0,2,0,1,0,0,1,1,1,0,0,1,1,2,0,1,2,0,1,0,1,1,2,2,1,1,2,1,4,3,2,0,3,3,0,0,2,1,2,1,1,0,1,0,6,1,5,0,0,1,0,0,2]},"test_recall":0.989,"train_precision":0.9930669867793555,"train_f1":0.9930339569489205,"_wandb":{"runtime":311},"test_precision":0.9890526625087774,"parameters/fc.bias":{"_type":"histogram","values":[1,0,0,1,0,0,0,1,0,0,0,1,0,0,0,1,0,1,0,0,0,1,0,1,0,0,0,0,0,0,0,0,0,0,0,1,0,0,0,0,0,0,0,0,0,0,0,0,0,0,0,0,0,0,0,0,0,0,0,0,0,0,0,1],"bins":[-0.09222296625375748,-0.0875978097319603,-0.08297266066074371,-0.07834750413894653,-0.07372234761714935,-0.06909719854593277,-0.06447204202413559,-0.05984688922762871,-0.055221736431121826,-0.050596583634614944,-0.04597143083810806,-0.04134627431631088,-0.036721121519804,-0.03209596872329712,-0.02747081220149994,-0.022845663130283356,-0.018220506608486176,-0.013595350086688995,-0.008970201015472412,-0.004345044493675232,0.0002801045775413513,0.0049052610993385315,0.009530417621135712,0.014155566692352295,0.018780723214149475,0.023405879735946655,0.02803102880716324,0.03265618532896042,0.0372813418507576,0.04190649837255478,0.046531639993190765,0.051156796514987946,0.05578194558620453,0.06040710210800171,0.06503225862979889,0.06965740025043488,0.07428255677223206,0.07890771329402924,0.08353286981582642,0.088158018887043,0.09278317540884018,0.09740833193063736,0.10203348100185394,0.10665863752365112,0.1112837940454483,0.11590894311666489,0.12053409963846207,0.12515924870967865,0.12978440523147583,0.134409561753273,0.1390347182750702,0.14365985989570618,0.14828501641750336,0.15291017293930054,0.15753532946109772,0.1621604859828949,0.16678562760353088,0.17141078412532806,0.17603594064712524,0.18066109716892242,0.1852862536907196,0.18991141021251678,0.19453655183315277,0.19916170835494995,0.20378686487674713]},"_step":149940,"parameters/layer2.0.weight":{"bins":[-0.9411559104919434,-0.9137303233146667,-0.8863047957420349,-0.8588792085647583,-0.8314536213874817,-0.8040280342102051,-0.7766025066375732,-0.7491769194602966,-0.72175133228302,-0.6943258047103882,-0.6669002175331116,-0.639474630355835,-0.6120491027832031,-0.5846235156059265,-0.5571979284286499,-0.5297724008560181,-0.5023468136787415,-0.47492125630378723,-0.4474956691265106,-0.4200701117515564,-0.3926445245742798,-0.36521899700164795,-0.33779340982437134,-0.3103678226470947,-0.2829422950744629,-0.2555167078971863,-0.22809112071990967,-0.20066553354263306,-0.17324000597000122,-0.1458144187927246,-0.118388831615448,-0.09096330404281616,-0.06353765726089478,-0.036112070083618164,-0.008686542510986328,0.018739044666290283,0.046164631843566895,0.07359015941619873,0.10101574659347534,0.12844133377075195,0.15586692094802856,0.1832924485206604,0.210718035697937,0.23814362287521362,0.26556915044784546,0.29299473762512207,0.3204202950000763,0.3478458821773529,0.37527143955230713,0.40269699692726135,0.43012258410453796,0.4575481414794922,0.4849737286567688,0.5123993158340454,0.5398248434066772,0.5672504305839539,0.5946760177612305,0.6221015453338623,0.6495271325111389,0.6769527196884155,0.7043782472610474,0.731803834438324,0.7592294216156006,0.7866549491882324,0.814080536365509],"_type":"histogram","values":[2,0,1,0,4,5,8,1,8,14,18,24,37,37,80,80,112,126,153,209,244,301,388,480,521,643,825,954,1111,1351,1677,2139,2687,2573,2293,1623,1093,799,661,523,462,336,275,199,154,119,80,64,38,25,21,7,5,3,2,1,2,1,0,0,0,0,0,1]},"val_recall":0.9882235528942116,"epoch":2,"val_f1":0.9882216721362771,"parameters/layer1.0.bias":{"_type":"histogram","values":[1,0,0,0,0,0,0,0,0,0,0,0,0,0,0,0,0,1,0,1,0,0,0,0,0,0,0,0,0,0,0,0,1,0,0,0,0,0,1,0,0,1,0,1,1,0,0,0,0,0,2,1,1,0,0,0,0,1,0,0,0,1,1,1],"bins":[-0.4907575249671936,-0.4824705421924591,-0.474183589220047,-0.4658966064453125,-0.4576096534729004,-0.4493226706981659,-0.4410356879234314,-0.4327487349510193,-0.4244617521762848,-0.4161747694015503,-0.4078878164291382,-0.3996008336544037,-0.3913138508796692,-0.3830268979072571,-0.3747399151325226,-0.3664529323577881,-0.358165979385376,-0.34987902641296387,-0.34159204363822937,-0.3333050608634949,-0.32501810789108276,-0.31673112511634827,-0.30844414234161377,-0.30015718936920166,-0.29187020659446716,-0.28358322381973267,-0.27529627084732056,-0.26700928807258606,-0.25872230529785156,-0.25043535232543945,-0.24214836955070496,-0.23386141657829285,-0.22557443380355835,-0.21728745102882385,-0.20900049805641174,-0.20071351528167725,-0.19242656230926514,-0.18413957953453064,-0.17585259675979614,-0.16756564378738403,-0.15927866101264954,-0.15099170804023743,-0.14270472526550293,-0.13441774249076843,-0.12613078951835632,-0.11784381419420242,-0.10955683141946793,-0.10126986354589462,-0.09298289567232132,-0.08469592779874802,-0.07640895247459412,-0.06812197715044022,-0.05983500927686691,-0.05154804140329361,-0.04326106607913971,-0.03497409075498581,-0.026687122881412506,-0.018400151282548904,-0.010113179683685303,-0.001826208084821701,0.006460763514041901,0.014747735112905502,0.023034706711769104,0.031321678310632706,0.03960864990949631]},"gradients/layer2.0.weight":{"values":[3,3,0,1,4,3,4,1,4,5,4,9,7,7,13,23,27,31,54,69,73,108,142,201,340,542,1095,16862,3785,822,465,268,195,119,96,60,45,32,10,14,10,10,6,5,3,2,5,2,3,1,1,1,1,1,0,0,0,0,0,1,1,0,0,1],