{"_runtime":189,"val_accuracy":0.9885229540918163,"parameters/fc.bias":{"bins":[-0.04516006261110306,-0.042901162058115005,-0.04064226523041725,-0.0383833646774292,-0.036124467849731445,-0.03386556729674339,-0.03160666674375534,-0.029347768053412437,-0.027088869363069534,-0.02482997067272663,-0.022571071982383728,-0.020312171429395676,-0.018053272739052773,-0.01579437404870987,-0.013535473495721817,-0.011276576668024063,-0.00901767611503601,-0.006758775562047958,-0.0044998787343502045,-0.002240978181362152,1.7918646335601807e-05,0.002276819199323654,0.0045357197523117065,0.0067946165800094604,0.009053517132997513,0.011312417685985565,0.013571314513683319,0.01583021506667137,0.018089115619659424,0.020348012447357178,0.02260690927505493,0.024865813553333282,0.027124710381031036,0.02938360720872879,0.03164251148700714,0.033901408314704895,0.03616030514240265,0.0384192056953907,0.040678106248378754,0.04293700307607651,0.04519590362906456,0.04745480418205261,0.049713701009750366,0.05197260156273842,0.05423150211572647,0.056490398943424225,0.05874929949641228,0.06100819632411003,0.06326709687709808,0.06552599370479584,0.06778489053249359,0.07004379481077194,0.0723026916384697,0.07456159591674805,0.0768204927444458,0.07907938957214355,0.08133828639984131,0.08359719067811966,0.08585608750581741,0.08811499178409576,0.09037388861179352,0.09263278543949127,0.09489168226718903,0.09715058654546738,0.09940948337316513],"_type":"histogram","values":[1,0,0,0,1,0,0,0,0,0,0,0,0,0,1,0,0,0,1,2,0,1,0,0,0,0,0,0,0,0,0,1,0,0,1,0,0,0,0,0,0,0,0,0,0,0,0,0,0,0,0,0,0,0,0,0,0,0,0,0,0,0,0,1]},"train_precision":0.9934017805210521,"gradients/layer2.0.weight":{"_type":"histogram","values":[1,0,0,0,1,0,0,0,0,0,0,0,0,1,0,0,1,1,0,1,0,1,1,0,2,5,7,4,3,15,13,16,25,17,42,72,93,129,210,327,539,913,1802,5777,1510,524,300,193,112,44,32,18,10,14,11,4,2,1,1,0,2,1,0,2],"bins":[-0.011611435562372208,-0.011345489881932735,-0.011079543270170689,-0.010813597589731216,-0.01054765097796917,-0.010281705297529697,-0.01001575868576765,-0.009749813005328178,-0.009483866393566132,-0.00921792071312666,-0.008951975032687187,-0.00868602842092514,-0.008420082740485668,-0.008154136128723621,-0.00788819044828415,-0.00762224430218339,-0.00735629815608263,-0.007090352009981871,-0.006824405863881111,-0.006558459717780352,-0.006292513571679592,-0.00602656789124012,-0.00576062174513936,-0.005494675599038601,-0.005228729452937841,-0.004962783306837082,-0.004696837160736322,-0.004430891014635563,-0.004164945334196091,-0.003898999188095331,-0.0036330530419945717,-0.003367106430232525,-0.003101159818470478,-0.002835214138031006,-0.002569267526268959,-0.0023033213801681995,-0.00203737523406744,-0.0017714295536279678,-0.0015054834075272083,-0.0012395372614264488,-0.0009735911153256893,-0.0007076449692249298,-0.0004416988231241703,-0.0001757526770234108,9.01930034160614e-05,0.0003561391495168209,0.0006220852956175804,0.0008880314417183399,0.0011539775878190994,0.001419923733919859,0.0016858698800206184,0.0019518157932907343,0.002217761939391494,0.0024837080854922533,0.002749653998762369,0.0030156001448631287,0.003281546290963888,0.0035474924370646477,0.003813438583165407,0.004079384729266167,0.004345330409705639,0.004611276555806398,0.004877222701907158,0.005143168848007917,0.005409114994108677]},"parameters/layer1.0.bias":{"values":[1,0,0,0,0,1,0,0,0,0,2,0,0,0,0,0,0,0,0,0,0,0,0,0,2,0,0,0,0,0,1,0,0,1,1,1,0,0,0,0,1,0,2,0,0,0,0,0,0,1,0,0,0,0,0,0,0,0,0,0,1,0,0,1],"bins":[-0.23879070580005646,-0.23369468748569489,-0.2285986840724945,-0.22350266575813293,-0.21840664744377136,-0.2133106291294098,-0.2082146257162094,-0.20311860740184784,-0.19802258908748627,-0.1929265856742859,-0.18783056735992432,-0.18273454904556274,-0.17763853073120117,-0.1725425124168396,-0.16744650900363922,-0.16235049068927765,-0.15725448727607727,-0.1521584689617157,-0.14706245064735413,-0.14196643233299255,-0.13687041401863098,-0.1317744106054306,-0.12667839229106903,-0.12158238142728806,-0.11648637056350708,-0.11139035224914551,-0.10629433393478394,-0.10119833052158356,-0.09610231220722198,-0.09100629389286041,-0.08591027557849884,-0.08081427216529846,-0.07571826130151749,-0.07062224298715591,-0.06552623957395554,-0.060430221259593964,-0.05533420294523239,-0.05023818463087082,-0.04514218121767044,-0.04004616290330887,-0.034950144588947296,-0.02985413372516632,-0.024758122861385345,-0.019662104547023773,-0.014566093683242798,-0.009470075368881226,-0.00437406450510025,0.000721953809261322,0.005817964673042297,0.010913975536823273,0.016009993851184845,0.02110600471496582,0.026202023029327393,0.03129803389310837,0.03639404848217964,0.041490063071250916,0.04658607766032219,0.05168209224939346,0.05677810683846474,0.06187412142753601,0.06697013229131699,0.07206615060567856,0.07716216146945953,0.0822581797838211,0.08735419064760208],"_type":"histogram"},"_wandb":{"runtime":189},"gradients/layer1.0.weight":{"_type":"histogram","values":[2,0,1,0,0,2,1,0,0,0,2,3,1,0,2,1,3,1,2,3,2,5,2,2,6,6,5,7,13,14,12,17,17,12,31,30,30,27,25,14,20,10,9,4,10,4,8,5,2,3,4,5,3,1,3,0,3,0,1,2,0,1,0,1],"bins":[-0.0142612149938941,-0.013870923779904842,-0.013480632565915585,-0.013090341351926327,-0.012700050137937069,-0.012309758923947811,-0.011919467709958553,-0.011529176495969296,-0.011138885281980038,-0.01074859406799078,-0.010358302854001522,-0.009968011640012264,-0.009577720426023006,-0.009187429212033749,-0.00879713799804449,-0.008406846784055233,-0.008016555570065975,-0.007626264356076717,-0.0072359731420874596,-0.006845681928098202,-0.006455390714108944,-0.006065099500119686,-0.005674808286130428,-0.0052845170721411705,-0.004894225858151913,-0.004503934644162655,-0.004113643430173397,-0.0037233522161841393,-0.0033330610021948814,-0.0029427697882056236,-0.002552478574216366,-0.002162187360227108,-0.0017718970775604248,-0.001381605863571167,-0.0009913146495819092,-0.0006010234355926514,-0.00021073222160339355,0.00017955899238586426,0.0005698502063751221,0.0009601414203643799,0.0013504326343536377,0.0017407238483428955,0.0021310150623321533,0.002521306276321411,0.002911597490310669,0.0033018887042999268,0.0036921799182891846,0.004082471132278442,0.0044727623462677,0.004863053560256958,0.005253344774246216,0.005643635988235474,0.0060339272022247314,0.006424218416213989,0.006814509630203247,0.007204800844192505,0.007595092058181763,0.00798538327217102,0.008375674486160278,0.008765965700149536,0.009156256914138794,0.009546548128128052,0.00993683934211731,0.010327130556106567,0.010717421770095825]},"parameters/layer1.0.weight":{"values":[1,0,0,0,0,0,1,0,0,0,0,1,4,4,1,4,1,5,3,4,6,4,6,9,4,9,3,6,14,6,7,11,9,6,4,10,13,13,15,11,16,5,12,12,6,11,17,8,11,9,12,16,4,17,2,9,8,7,10,2,4,4,2,1],"bins":[-0.7012487053871155,-0.6841521859169006,-0.6670556664466858,-0.649959146976471,-0.6328626871109009,-0.615766167640686,-0.5986696481704712,-0.5815731287002563,-0.5644766092300415,-0.5473800897598267,-0.5302835702896118,-0.513187050819397,-0.4960905611515045,-0.4789940416812897,-0.4618975520133972,-0.4448010325431824,-0.42770451307296753,-0.4106079936027527,-0.39351147413253784,-0.3764149844646454,-0.35931846499443054,-0.3422219455242157,-0.32512545585632324,-0.3080289363861084,-0.29093241691589355,-0.2738358974456787,-0.25673937797546387,-0.2396428883075714,-0.22254636883735657,-0.20544984936714172,-0.18835335969924927,-0.17125684022903442,-0.1541602909564972,-0.13706377148628235,-0.1199672520160675,-0.10287076234817505,-0.0857742428779602,-0.06867772340774536,-0.051581233739852905,-0.03448471426963806,-0.017388194799423218,-0.000291675329208374,0.01680484414100647,0.033901333808898926,0.05099785327911377,0.06809437274932861,0.08519086241722107,0.10228738188743591,0.11938390135765076,0.1364804208278656,0.15357692539691925,0.1706734299659729,0.18776994943618774,0.2048664689064026,0.22196297347545624,0.2390594780445099,0.25615599751472473,0.2732525169849396,0.29034900665283203,0.3074455261230469,0.3245420455932617,0.34163856506347656,0.3587350845336914,0.37583157420158386,0.3929280936717987],