{"train_precision":0.9876442527190722,"val_precision":0.9823017180915231,"parameters/graph_3fc.bias":{"_type":"histogram","values":[1,0,0,0,0,0,1,1,0,1,0,0,0,0,2,0,0,0,2,0,0,0,0,0,0,0,0,0,1,0,0,0,0,0,0,0,0,0,0,0,0,0,0,0,0,0,0,0,0,0,0,0,0,0,0,0,0,0,0,0,0,0,0,1],"bins":[-0.37823131680488586,-0.35682380199432373,-0.335416316986084,-0.31400880217552185,-0.2926012873649597,-0.27119380235671997,-0.24978628754615784,-0.2283787727355957,-0.20697127282619476,-0.18556377291679382,-0.1641562581062317,-0.14274875819683075,-0.12134125828742981,-0.09993374347686768,-0.07852622866630554,-0.057118743658065796,-0.03571122884750366,-0.014303714036941528,0.007103770971298218,0.02851128578186035,0.049918800592422485,0.07132628560066223,0.09273380041122437,0.1141413152217865,0.13554880023002625,0.15695634484291077,0.1783638298511505,0.19977131485939026,0.22117885947227478,0.24258634448051453,0.2639938294887543,0.2854013741016388,0.3068088889122009,0.3282163739204407,0.3496239185333252,0.37103140354156494,0.3924388885498047,0.4138464331626892,0.43525391817092896,0.4566614031791687,0.4780689477920532,0.49947643280029297,0.5208839178085327,0.5422914624214172,0.563698947429657,0.5851064920425415,0.6065139770507812,0.627921462059021,0.6493289470672607,0.6707364916801453,0.692143976688385,0.7135515213012695,0.7349590063095093,0.756366491317749,0.7777739763259888,0.7991815209388733,0.820589005947113,0.8419965505599976,0.8634040355682373,0.884811520576477,0.9062190651893616,0.9276265501976013,0.9490340352058411,0.9704415798187256,0.9918490648269653]},"gradients/graph_3layer1.0.bias":{"_type":"histogram","values":[1,0,0,0,0,0,0,0,0,0,0,0,0,1,0,0,0,0,0,2,0,0,2,0,0,0,0,0,0,0,0,0,0,0,0,0,0,0,0,0,0,2,2,1,1,0,1,0,0,1,0,0,0,0,0,0,0,0,0,1,0,0,0,1],"bins":[-0.0329681932926178,-0.03218504786491394,-0.03140190616250038,-0.030618760734796524,-0.029835615307092667,-0.02905247174203396,-0.02826932817697525,-0.027486182749271393,-0.026703039184212685,-0.025919895619153976,-0.02513675019145012,-0.02435360662639141,-0.023570463061332703,-0.022787317633628845,-0.022004174068570137,-0.02122103050351143,-0.02043788507580757,-0.019654739648103714,-0.018871596083045006,-0.018088452517986298,-0.01730530709028244,-0.016522163525223732,-0.015739019960165024,-0.014955874532461166,-0.014172730967402458,-0.01338958740234375,-0.012606441974639893,-0.011823298409581184,-0.011040154844522476,-0.010257009416818619,-0.00947386585175991,-0.008690720424056053,-0.007907576858997345,-0.007124433293938637,-0.006341287866234779,-0.005558144301176071,-0.004774998873472214,-0.0039918553084135056,-0.0032087117433547974,-0.00242556631565094,-0.0016424227505922318,-0.0008592791855335236,-7.613375782966614e-05,0.000707009807229042,0.0014901533722877502,0.0022732987999916077,0.003056442365050316,0.0038395868614315987,0.0046227313578128815,0.005405875854194164,0.006189020350575447,0.006972163915634155,0.007755308412015438,0.008538452908396721,0.009321596473455429,0.010104740969836712,0.010887885466217995,0.011671029962599277,0.01245417445898056,0.013237318024039268,0.014020462520420551,0.014803607016801834,0.015586750581860542,0.0163698960095644,0.017153039574623108]},"val_f1":0.9822334334240648,"train_recall":0.9876150460184073,"gradients/graph_3layer2.0.bias":{"values":[1,0,0,0,0,0,0,0,0,0,0,1,0,0,0,0,0,0,0,0,0,0,0,1,0,0,0,0,0,0,0,0,0,0,1,1,0,0,0,1,0,0,0,0,0,1,53,1,0,0,2,0,0,0,0,0,0,0,0,0,0,0,0,1],"bins":[-0.027109868824481964,-0.02652427740395069,-0.02593868598341942,-0.025353094562888145,-0.024767503142356873,-0.02418190985918045,-0.023596320301294327,-0.023010727018117905,-0.022425135597586632,-0.02183954417705536,-0.021253952756524086,-0.020668361335992813,-0.02008276991546154,-0.019497178494930267,-0.018911585211753845,-0.01832599565386772,-0.0177404023706913,-0.017154812812805176,-0.016569219529628754,-0.01598362810909748,-0.015398036688566208,-0.014812445268034935,-0.014226853847503662,-0.01364126242697239,-0.013055671006441116,-0.012470078654587269,-0.011884487234055996,-0.011298894882202148,-0.010713303461670876,-0.010127712041139603,-0.00954212062060833,-0.008956529200077057,-0.008370938710868359,-0.007785347290337086,-0.007199755869805813,-0.00661416444927454,-0.006028573028743267,-0.005442981608211994,-0.004857389256358147,-0.004271797835826874,-0.0036862054839730263,-0.0031006140634417534,-0.0025150226429104805,-0.0019294312223792076,-0.0013438398018479347,-0.0007582483813166618,-0.00017265602946281433,0.00041293539106845856,0.0009985268115997314,0.0015841182321310043,0.0021697096526622772,0.0027553015388548374,0.0033408934250473976,0.0039264848455786705,0.004512076266109943,0.005097668152302504,0.0056832595728337765,0.006268850993365049,0.0068544428795576096,0.0074400343000888824,0.008025625720620155,0.008611217141151428,0.009196809493005276,0.009782400913536549,0.010367992334067822],"_type":"histogram"},"parameters/graph_3layer2.0.weight":{"values":[1,0,0,0,0,0,0,1,0,0,4,2,2,6,7,4,5,8,12,14,15,14,28,24,24,27,36,51,54,64,91,124,139,195,251,356,486,722,812,977,1362,6202,7984,3263,953,311,204,166,147,100,81,72,57,43,28,15,13,12,7,13,3,2,2,4],"bins":[-2.1990299224853516,-2.1480953693389893,-2.097160816192627,-2.0462260246276855,-1.9952914714813232,-1.944356918334961,-1.893422245979309,-1.8424875736236572,-1.791553020477295,-1.7406184673309326,-1.6896837949752808,-1.638749122619629,-1.5878145694732666,-1.5368800163269043,-1.4859453439712524,-1.4350106716156006,-1.3840761184692383,-1.333141565322876,-1.2822068929672241,-1.2312722206115723,-1.18033766746521,-1.1294031143188477,-1.0784684419631958,-1.027533769607544,-0.9765992164611816,-0.9256646633148193,-0.8747299909591675,-0.8237953186035156,-0.7728607654571533,-0.721926212310791,-0.6709915399551392,-0.6200568675994873,-0.5691224336624146,-0.5181878805160522,-0.4672532081604004,-0.41631853580474854,-0.36538398265838623,-0.3144494295120239,-0.26351475715637207,-0.21258008480072021,-0.1616455316543579,-0.1107109785079956,-0.05977630615234375,-0.008841633796691895,0.04209291934967041,0.09302753210067749,0.14396214485168457,0.19489675760269165,0.24583137035369873,0.2967659831047058,0.3477005958557129,0.39863520860671997,0.44956982135772705,0.5005044341087341,0.5514390468597412,0.6023736596107483,0.6533082723617554,0.7042428851127625,0.7551774978637695,0.8061121106147766,0.8570467233657837,0.9079813361167908,0.9589159488677979,1.0098505020141602,1.060785174369812],"_type":"histogram"},"parameters/graph_3layer1.0.weight":{"_type":"histogram","values":[1,0,1,1,1,1,0,1,1,0,0,1,1,0,3,1,2,2,3,2,6,4,6,5,9,9,4,15,9,10,13,8,5,12,10,17,11,16,22,10,16,16,12,16,15,10,11,11,18,7,6,4,8,4,6,5,2,0,5,2,0,0,1,2],"bins":[-1.3634124994277954,-1.3316938877105713,-1.2999752759933472,-1.2682565450668335,-1.2365379333496094,-1.2048193216323853,-1.1731007099151611,-1.141382098197937,-1.109663486480713,-1.0779447555541992,-1.046226143836975,-1.014507532119751,-0.9827889204025269,-0.951070249080658,-0.9193516373634338,-0.8876329660415649,-0.8559143543243408,-0.8241957426071167,-0.7924770712852478,-0.7607584595680237,-0.7290397882461548,-0.6973211765289307,-0.6656025648117065,-0.6338838934898376,-0.6021652817726135,-0.5704466700553894,-0.5387279987335205,-0.5070093870162964,-0.47529077529907227,-0.44357210397720337,-0.41185349225997925,-0.38013482093811035,-0.348416268825531,-0.3166976571083069,-0.284978985786438,-0.25326037406921387,-0.22154170274734497,-0.18982309103012085,-0.15810447931289673,-0.12638580799102783,-0.09466719627380371,-0.06294858455657959,-0.031229913234710693,0.0004886984825134277,0.03220731019973755,0.06392598152160645,0.09564459323883057,0.12736326456069946,0.15908187627792358,0.1908005177974701,0.2225191593170166,0.2542377710342407,0.28595641255378723,0.31767505407333374,0.34939366579055786,0.38111230731010437,0.4128309488296509,0.4445495903491974,0.4762682318687439,0.507986843585968,0.5397055149078369,0.571424126625061,0.6031427383422852,0.634861409664154,0.6665800213813782]},"train_accuracy":0.9876150460184073,