{"train_accuracy":0.9899959983993597,"parameters/graph_1layer1.0.weight":{"_type":"histogram","values":[1,1,0,0,0,0,0,0,2,1,1,3,2,6,0,5,2,3,8,9,8,6,7,7,9,7,12,17,9,6,12,15,12,14,11,11,13,7,14,13,8,10,18,3,9,10,9,9,13,10,12,12,10,5,1,1,1,1,1,0,0,1,1,1],"bins":[-0.5925471186637878,-0.5757045745849609,-0.5588619709014893,-0.5420193672180176,-0.5251768231391907,-0.5083342790603638,-0.4914916753768921,-0.4746491014957428,-0.4578065276145935,-0.4409639537334442,-0.4241213798522949,-0.40727880597114563,-0.39043623208999634,-0.37359365820884705,-0.35675108432769775,-0.33990851044654846,-0.32306593656539917,-0.3062233626842499,-0.2893807888031006,-0.2725382149219513,-0.255695641040802,-0.2388530671596527,-0.22201049327850342,-0.20516791939735413,-0.18832534551620483,-0.17148277163505554,-0.15464019775390625,-0.13779762387275696,-0.12095504999160767,-0.10411247611045837,-0.08726990222930908,-0.07042735815048218,-0.05358469486236572,-0.03674209117889404,-0.01989954710006714,-0.0030569732189178467,0.013785600662231445,0.030628174543380737,0.04747074842453003,0.06431332230567932,0.08115589618682861,0.0979984700679779,0.1148410439491272,0.1316836178302765,0.14852619171142578,0.16536876559257507,0.18221133947372437,0.19905391335487366,0.21589648723602295,0.23273906111717224,0.24958163499832153,0.2664242088794708,0.2832667827606201,0.3001093566417694,0.3169519305229187,0.333794504404068,0.3506370782852173,0.3674796521663666,0.38432222604751587,0.40116479992866516,0.41800737380981445,0.43484994769096375,0.45169252157211304,0.46853509545326233,0.4853776693344116]},"parameters/graph_1fc.weight":{"_type":"histogram","values":[1,0,1,0,0,1,0,2,3,4,3,4,6,4,8,8,8,16,12,23,38,30,52,80,89,95,122,173,225,292,369,538,638,975,1166,1320,1394,1483,1427,1226,1051,788,570,416,301,196,158,107,83,54,39,21,15,18,10,2,6,2,4,1,1,0,0,1],"bins":[-0.4282532036304474,-0.416784405708313,-0.405315637588501,-0.3938468396663666,-0.3823780417442322,-0.3709092438220978,-0.3594404458999634,-0.34797167778015137,-0.33650287985801697,-0.32503408193588257,-0.31356531381607056,-0.30209651589393616,-0.29062771797180176,-0.27915892004966736,-0.26769012212753296,-0.25622135400772095,-0.24475255608558655,-0.23328375816345215,-0.22181497514247894,-0.21034619212150574,-0.19887739419937134,-0.18740859627723694,-0.17593982815742493,-0.16447103023529053,-0.15300223231315613,-0.14153343439102173,-0.13006463646888733,-0.11859586834907532,-0.10712707042694092,-0.09565827250480652,-0.0841895043849945,-0.07272070646286011,-0.061251938343048096,-0.049783140420913696,-0.0383143424987793,-0.026845574378967285,-0.015376776456832886,-0.003907978534698486,0.007560789585113525,0.019029587507247925,0.030498385429382324,0.041967183351516724,0.05343598127365112,0.06490474939346313,0.07637354731559753,0.08784234523773193,0.09931112825870514,0.11077991127967834,0.12224870920181274,0.13371750712394714,0.14518629014492035,0.15665507316589355,0.16812387108802795,0.17959266901016235,0.19106145203113556,0.20253023505210876,0.21399903297424316,0.22546783089637756,0.23693661391735077,0.24840539693832397,0.2598741948604584,0.2713429927825928,0.2828117609024048,0.2942805588245392,0.3057493567466736]},"train_recall":0.9899959983993597,"val_precision":0.9851233687841799,"val_f1":0.985032830375614,"train_f1":0.9899959195988025,"gradients/graph_1layer2.0.bias":{"values":[1,0,0,0,0,0,0,0,0,0,0,0,0,0,1,1,0,1,1,0,1,0,0,0,3,2,0,2,1,0,0,1,5,1,0,0,0,1,1,1,2,1,0,0,0,0,0,0,0,0,1,1,1,0,0,0,0,0,0,0,0,1,0,1],"bins":[-0.003826671978458762,-0.0037086536176502705,-0.003590635024011135,-0.0034726166632026434,-0.003354598069563508,-0.0032365797087550163,-0.003118561115115881,-0.0030005427543073893,-0.0028825243934988976,-0.002764505799859762,-0.002646487206220627,-0.002528468845412135,-0.0024104504846036434,-0.002292431890964508,-0.0021744135301560163,-0.0020563951693475246,-0.0019383765757083893,-0.0018203582148998976,-0.0017023396212607622,-0.0015843212604522705,-0.0014663026668131351,-0.0013482843060046434,-0.001230265712365508,-0.0011122473515570164,-0.0009942289907485247,-0.0008762103971093893,-0.0007581920363008976,-0.0006401734426617622,-0.0005221550818532705,-0.00040413648821413517,-0.00028611812740564346,-0.0001680995337665081,-5.008094012737274e-05,6.793742068111897e-05,0.00018595601432025433,0.00030397437512874603,0.0004219929687678814,0.0005400113295763731,0.0006580299232155085,0.0007760482840240002,0.0008940668776631355,0.0010120852384716272,0.001130103599280119,0.0012481221929192543,0.001366140553727746,0.0014841591473668814,0.001602177508175373,0.0017201961018145084,0.0018382144626230001,0.001956232823431492,0.002074251417070627,0.0021922700107097626,0.0023102883715182543,0.002428306732326746,0.0025463253259658813,0.002664343686774373,0.0027823620475828648,0.002900380641222,0.0030183992348611355,0.003136417595669627,0.003254435956478119,0.0033724545501172543,0.003490472910925746,0.0036084915045648813,0.003726509865373373],"_type":"histogram"},"parameters/graph_1fc.bias":{"bins":[-0.04093504324555397,-0.039831213653087616,-0.03872738406062126,-0.03762355446815491,-0.03651972487568855,-0.0354158952832222,-0.034312065690755844,-0.03320823609828949,-0.032104406505823135,-0.03100057691335678,-0.029896747320890427,-0.028792917728424072,-0.027689089998602867,-0.026585260406136513,-0.02548143081367016,-0.024377601221203804,-0.02327377162873745,-0.022169942036271095,-0.02106611244380474,-0.019962282851338387,-0.018858453258872032,-0.017754623666405678,-0.016650794073939323,-0.015546964481472969,-0.014443136751651764,-0.01333930715918541,-0.012235477566719055,-0.0111316479742527,-0.010027818381786346,-0.008923988789319992,-0.007820159196853638,-0.006716329604387283,-0.005612500011920929,-0.004508670419454575,-0.00340484082698822,-0.002301011234521866,-0.0011971816420555115,-9.33520495891571e-05,0.0010104775428771973,0.0021143071353435516,0.003218136727809906,0.004321964457631111,0.0054257940500974655,0.00652962364256382,0.007633453235030174,0.008737282827496529,0.009841112419962883,0.010944942012429237,0.012048771604895592,0.013152601197361946,0.0142564307898283,0.015360260382294655,0.01646408997476101,0.017567917704582214,0.01867174729704857,0.019775576889514923,0.020879406481981277,0.021983236074447632,0.023087065666913986,0.02419089525938034,0.025294724851846695,0.02639855444431305,0.027502384036779404,0.028606213629245758,0.029710043221712112],"_type":"histogram","values":[1,0,0,0,0,0,0,0,0,0,0,0,0,0,0,0,0,0,0,1,0,1,0,1,0,0,1,0,1,0,0,0,0,0,0,0,0,0,0,0,0,0,0,0,1,0,0,0,0,1,0,0,0,0,0,0,0,0,0,0,0,1,0,1]},"train_precision":0.990069864117335,"epoch":2,"test_recall":0.9877,"test_accuracy":0.9877,"parameters/graph_1layer2.0.weight":{"_type":"histogram","values":[1,1,0,0,0,0,0,1,0,2,4,2,4,5,5,5,8,17,14,26,28,32,65,78,93,139,145,208,260,343,389,495,575,803,923,975,1062,1113,996,867,696,617,473,366,261,222,137,98,65,46,33,22,21,17,8,8,8,6,3,2,0,2,2,3],