{"parameters/layer1.0.weight":{"_type":"histogram","values":[1,1,0,0,0,0,0,0,1,1,0,1,2,0,1,1,0,1,4,2,5,1,3,7,6,2,5,10,5,6,10,8,8,15,12,15,10,9,22,12,17,16,12,18,11,14,12,20,15,16,7,14,7,7,8,2,7,4,1,3,1,0,0,1],"bins":[-0.998756468296051,-0.9747076630592346,-0.9506588578224182,-0.9266100525856018,-0.9025612473487854,-0.878512442111969,-0.8544636368751526,-0.8304148316383362,-0.8063660264015198,-0.7823172211647034,-0.758268415927887,-0.7342196106910706,-0.7101708054542542,-0.6861220002174377,-0.6620731949806213,-0.6380243897438049,-0.6139755845069885,-0.5899267792701721,-0.5658779740333557,-0.5418291687965393,-0.5177803635597229,-0.4937315583229065,-0.4696827530860901,-0.4456339478492737,-0.4215851426124573,-0.39753633737564087,-0.37348753213882446,-0.34943872690200806,-0.32538992166519165,-0.30134111642837524,-0.27729231119155884,-0.25324350595474243,-0.2291947603225708,-0.2051459550857544,-0.181097149848938,-0.15704834461212158,-0.13299953937530518,-0.10895073413848877,-0.08490192890167236,-0.06085312366485596,-0.03680431842803955,-0.012755513191223145,0.011293292045593262,0.03534209728240967,0.059390902519226074,0.08343970775604248,0.10748851299285889,0.1315373182296753,0.1555861234664917,0.1796349287033081,0.2036837339401245,0.22773253917694092,0.2517813444137573,0.27583014965057373,0.29987895488739014,0.32392776012420654,0.34797656536102295,0.37202537059783936,0.39607417583465576,0.42012298107147217,0.4441717863082886,0.468220591545105,0.4922693967819214,0.5163182020187378,0.5403670072555542]},"parameters/layer2.0.bias":{"bins":[-0.41405561566352844,-0.40782245993614197,-0.4015893042087555,-0.395356148481369,-0.38912299275398254,-0.38288983702659607,-0.3766566812992096,-0.3704235255718231,-0.36419036984443665,-0.35795721411705017,-0.3517240881919861,-0.3454909324645996,-0.33925777673721313,-0.33302462100982666,-0.3267914652824402,-0.3205583095550537,-0.31432515382766724,-0.30809199810028076,-0.3018588423728943,-0.2956256866455078,-0.28939253091812134,-0.28315937519073486,-0.2769262194633484,-0.2706930637359619,-0.26445990800857544,-0.25822675228118896,-0.2519935965538025,-0.2457604557275772,-0.23952730000019073,-0.23329414427280426,-0.22706098854541779,-0.2208278328180313,-0.21459467709064484,-0.20836152136325836,-0.2021283656358719,-0.1958952099084854,-0.18966205418109894,-0.18342889845371246,-0.17719575762748718,-0.1709626019001007,-0.16472944617271423,-0.15849629044532776,-0.15226313471794128,-0.1460299789905548,-0.13979682326316833,-0.13356366753578186,-0.12733051180839539,-0.12109735608100891,-0.11486420035362244,-0.10863104462623596,-0.10239788889884949,-0.09616474062204361,-0.08993158489465714,-0.08369842916727066,-0.07746527343988419,-0.07123212516307831,-0.06499896943569183,-0.05876581370830536,-0.05253266170620918,-0.04629950597882271,-0.040066350251436234,-0.03383319824934006,-0.027600042521953583,-0.021366888657212257,-0.015133733861148357],"_type":"histogram","values":[1,0,0,0,0,0,0,0,0,0,0,1,0,0,0,0,0,0,0,0,1,0,0,0,0,1,0,1,0,1,0,1,0,0,0,0,0,1,1,0,0,0,0,0,0,0,0,0,1,3,1,1,0,1,5,0,0,2,1,1,2,3,1,1]},"test_precision":0.9901453492561046,"gradients/fc.bias":{"bins":[-0.008917311206459999,-0.008638371713459492,-0.00835943128913641,-0.008080491796135902,-0.007801552303135395,-0.0075226123444736,-0.007243672385811806,-0.006964732892811298,-0.006685793399810791,-0.006406853441148996,-0.006127913482487202,-0.005848973989486694,-0.0055700340308249,-0.005291094072163105,-0.005012154579162598,-0.00473321508616209,-0.004454275127500296,-0.004175335168838501,-0.0038963956758379936,-0.003617455717176199,-0.0033385162241756916,-0.003059576265513897,-0.0027806367725133896,-0.002501696813851595,-0.0022227568551898003,-0.001943817362189293,-0.0016648774035274982,-0.0013859379105269909,-0.0011069979518651962,-0.0008280584588646889,-0.0005491189658641815,-0.00027017854154109955,8.760951459407806e-06,0.00028770044445991516,0.0005666408687829971,0.0008455803617835045,0.0011245198547840118,0.0014034598134458065,0.0016823993064463139,0.0019613392651081085,0.002240278758108616,0.0025192187167704105,0.002798158675432205,0.0030770981684327126,0.0033560381270945072,0.0036349776200950146,0.003913917578756809,0.004192857071757317,0.004471797030419111,0.004750736989080906,0.005029676482081413,0.005308615975081921,0.005587555933743715,0.00586649589240551,0.006145435385406017,0.006424375344067812,0.006703315302729607,0.006982254795730114,0.007261194288730621,0.007540134247392416,0.00781907420605421,0.008098013699054718,0.008376953192055225,0.008655893616378307,0.008934833109378815],"_type":"histogram","values":[1,0,0,0,0,0,0,0,0,0,0,0,0,0,0,0,0,0,0,0,0,1,0,0,1,0,0,0,0,0,0,3,1,0,0,0,0,0,0,0,1,0,0,1,0,0,0,0,0,0,0,0,0,0,0,0,0,0,0,0,0,0,0,1]},"parameters/layer2.0.weight":{"bins":[-0.807012140750885,-0.7843236327171326,-0.7616351842880249,-0.7389466762542725,-0.71625816822052,-0.6935696601867676,-0.6708811521530151,-0.6481927037239075,-0.625504195690155,-0.6028156876564026,-0.5801272392272949,-0.5574387311935425,-0.53475022315979,-0.5120617151260376,-0.48937323689460754,-0.4666847586631775,-0.44399625062942505,-0.4213077425956726,-0.39861926436424255,-0.3759307861328125,-0.35324227809906006,-0.3305537700653076,-0.30786529183387756,-0.2851768136024475,-0.26248830556869507,-0.23979979753494263,-0.21711128950119019,-0.19442284107208252,-0.17173433303833008,-0.14904582500457764,-0.12635737657546997,-0.10366886854171753,-0.08098030090332031,-0.05829179286956787,-0.03560328483581543,-0.012914836406707764,0.009773671627044678,0.03246217966079712,0.055150628089904785,0.07783913612365723,0.10052764415740967,0.12321615219116211,0.14590463042259216,0.16859310865402222,0.19128161668777466,0.2139701247215271,0.23665860295295715,0.2593470811843872,0.28203558921813965,0.3047240972518921,0.32741257548332214,0.3501010537147522,0.37278956174850464,0.3954780697822571,0.41816654801368713,0.4408550262451172,0.46354353427886963,0.48623204231262207,0.5089205503463745,0.5316089987754822,0.5542975068092346,0.5769860148429871,0.5996744632720947,0.6223629713058472,0.6450514793395996],"_type":"histogram","values":[2,0,0,3,1,1,1,10,7,12,17,13,25,25,27,39,47,76,77,106,118,122,146,198,238,257,315,391,437,484,519,575,977,1107,1103,1090,826,550,508,444,365,344,263,235,177,141,99,78,54,37,32,23,18,10,6,9,5,2,1,3,1,1,1,1]},"val_recall":0.9902195608782435,"gradients/layer2.0.weight":{"_type":"histogram","values":[1,0,1,0,0,1,1,0,0,0,2,1,0,3,2,2,5,4,6,6,3,9,7,17,11,25,29,35,49,79,115,177,264,394,610,1158,5535,1788,900,516,348,204,124,107,68,51,49,18,29,14,8,8,2,3,4,1,4,1,0,0,0,0,0,1],"bins":[-0.014693903736770153,-0.01429503783583641,-0.013896171003580093,-0.01349730510264635,-0.013098438270390034,-0.012699572369456291,-0.012300705537199974,-0.011901839636266232,-0.011502973735332489,-0.011104106903076172,-0.010705240070819855,-0.010306374169886112,-0.00990750826895237,-0.009508641436696053,-0.00910977553576231,-0.008710909634828568,-0.00831204280257225,-0.007913175970315933,-0.007514310069382191,-0.007115443702787161,-0.006716577336192131,-0.0063177114352583885,-0.005918844603002071,-0.005519978702068329,-0.005121112801134586,-0.004722245968878269,-0.004323380067944527,-0.0039245132356882095,-0.003525647334754467,-0.00312678050249815,-0.0027279146015644073,-0.00232904776930809,-0.0019301818683743477,-0.0015313159674406052,-0.001132449135184288,-0.0007335832342505455,-0.00033471640199422836,6.414949893951416e-05,0.0004630163311958313,0.0008618822321295738,0.001260749064385891,0.0016596149653196335,0.002058480866253376,0.002457347698509693,0.0028562135994434357,0.0032550799660384655,0.0036539463326334953,0.004052812699228525,0.004451679065823555,0.004850545432418585,0.005249411799013615,0.0056482781656086445,0.006047144532203674,0.006446010433137417,0.006844876799732447,0.0072437431663274765,0.007642609532922506,0.008041475899517536,0.008440341800451279,0.008839208632707596,0.009238074533641338,0.009636941365897655,0.010035807266831398,0.010434674099087715,0.010833540000021458]},