{"_wandb":{"runtime":286},"best_val_accuracy":0.988622754491018,"train_f1":0.9948399814667899,"gradients/layer2.0.weight":{"_type":"histogram","values":[1,0,0,0,3,1,0,1,2,2,1,1,2,3,2,5,4,12,5,10,12,23,35,31,67,82,122,166,234,347,640,1606,6498,1088,585,345,214,174,96,87,57,35,35,31,26,14,16,17,14,12,4,5,7,3,3,3,2,3,0,2,0,1,1,2],"bins":[-0.013214745558798313,-0.012806654907763004,-0.012398564256727695,-0.011990473605692387,-0.011582383885979652,-0.011174293234944344,-0.010766202583909035,-0.010358111932873726,-0.009950021281838417,-0.009541930630803108,-0.0091338399797678,-0.00872574932873249,-0.008317658677697182,-0.007909568026661873,-0.007501478306949139,-0.00709338765591383,-0.006685297004878521,-0.006277206353843212,-0.005869115702807903,-0.005461025517433882,-0.005052934400737286,-0.004644844681024551,-0.0042367540299892426,-0.0038286633789539337,-0.003420572727918625,-0.003012482076883316,-0.002604391425848007,-0.0021963007748126984,-0.0017882110550999641,-0.0013801204040646553,-0.0009720297530293465,-0.0005639391019940376,-0.00015584751963615417,0.00025224313139915466,0.0006603337824344635,0.0010684244334697723,0.0014765150845050812,0.0018846048042178154,0.0022926954552531242,0.002700786106288433,0.003108876757323742,0.0035169674083590508,0.00392505805939436,0.004333148710429668,0.004741238430142403,0.005149329546838999,0.00555741973221302,0.005965510383248329,0.006373601034283638,0.006781691685318947,0.007189782336354256,0.007597872521728277,0.008005963638424873,0.008414054289460182,0.008822144009172916,0.009230234660208225,0.009638325311243534,0.010046415962278843,0.010454506613314152,0.010862596333026886,0.011270686984062195,0.011678777635097504,0.012086868286132812,0.012494958937168121,0.01290304958820343]},"_runtime":286,"gradients/layer2.0.bias":{"_type":"histogram","values":[2,0,1,0,1,1,0,0,0,2,4,1,0,0,0,3,1,3,0,1,1,0,1,0,0,1,2,1,0,0,0,0,1,1,0,1,0,1,0,1,0,0,0,0,0,0,0,0,0,0,0,0,0,0,0,0,0,0,0,0,0,0,0,1],"bins":[-0.009196251630783081,-0.00867506768554449,-0.008153882808983326,-0.007632698863744736,-0.007111514452844858,-0.006590330041944981,-0.00606914609670639,-0.005547961685806513,-0.005026777274906635,-0.004505592864006758,-0.00398440845310688,-0.00346322450786829,-0.0029420400969684124,-0.002420855686068535,-0.0018996717408299446,-0.0013784868642687798,-0.0008573029190301895,-0.0003361189737915993,0.00018506590276956558,0.0007062498480081558,0.0012274347245693207,0.001748618669807911,0.002269802615046501,0.002790987491607666,0.0033121714368462563,0.0038333553820848465,0.004354540258646011,0.004875724203884602,0.005396908149123192,0.005918093025684357,0.0064392779022455215,0.006960460916161537,0.007481647655367851,0.008002832531929016,0.008524015545845032,0.009045200422406197,0.009566385298967361,0.010087569244205952,0.010608753189444542,0.011129938066005707,0.011651122011244297,0.012172305956482887,0.012693490833044052,0.013214674778282642,0.013735858723521233,0.014257043600082397,0.014778227545320988,0.015299412421882153,0.015820596367120743,0.01634177938103676,0.016862966120243073,0.017384149134159088,0.017905334010720253,0.018426518887281418,0.018947701901197433,0.0194688867777586,0.019990071654319763,0.02051125466823578,0.021032439544796944,0.02155362442135811,0.022074807435274124,0.02259599231183529,0.023117177188396454,0.02363836020231247,0.024159545078873634]},"val_accuracy":0.988622754491018,"val_recall":0.988622754491018,"_step":249900,"gradients/fc.weight":{"bins":[-0.03355387598276138,-0.03250707685947418,-0.03146027773618698,-0.03041347861289978,-0.02936667948961258,-0.02831988036632538,-0.027273083105683327,-0.026226283982396126,-0.025179484859108925,-0.024132685735821724,-0.023085886612534523,-0.02203908935189247,-0.02099229022860527,-0.01994549110531807,-0.01889869198203087,-0.017851892858743668,-0.016805093735456467,-0.015758294612169266,-0.014711495488882065,-0.013664696365594864,-0.012617897242307663,-0.011571099981665611,-0.01052430085837841,-0.00947750173509121,-0.008430702611804008,-0.0073839034885168076,-0.006337104365229607,-0.005290305241942406,-0.004243507981300354,-0.003196708858013153,-0.002149909734725952,-0.0011031106114387512,-5.631148815155029e-05,0.0009904876351356506,0.0020372867584228516,0.0030840858817100525,0.004130885004997253,0.005177682265639305,0.006224481388926506,0.007271280512213707,0.008318079635500908,0.009364878758788109,0.01041167788207531,0.01145847700536251,0.012505274266004562,0.013552073389291763,0.014598872512578964,0.015645671635866165,0.016692470759153366,0.017739269882440567,0.018786069005727768,0.01983286812901497,0.02087966725230217,0.02192646637558937,0.022973263636231422,0.024020062759518623,0.025066861882805824,0.026113661006093025,0.027160460129380226,0.028207257390022278,0.02925405651330948,0.03030085563659668,0.03134765475988388,0.03239445388317108,0.03344125300645828],"_type":"histogram","values":[1,0,0,1,1,0,1,0,4,2,5,6,2,5,3,3,4,5,2,10,7,6,7,8,14,19,19,43,57,70,153,1091,13640,204,60,59,30,26,14,14,7,9,8,6,7,4,4,6,6,0,5,3,7,4,2,3,0,1,0,0,1,0,0,1]},"gradients/fc.bias":{"values":[1,0,0,0,0,0,0,0,0,0,0,0,0,0,0,0,0,0,0,0,0,0,0,0,0,0,0,1,0,0,0,2,0,1,2,0,0,1,0,0,1,0,0,0,0,0,0,0,0,0,0,0,0,0,0,0,0,0,0,0,0,0,0,1],"bins":[-0.00922885350883007,-0.008952923119068146,-0.008676993660628796,-0.008401063270866871,-0.00812513381242752,-0.007849203422665596,-0.007573273498564959,-0.007297343574464321,-0.007021413650363684,-0.006745483726263046,-0.006469553802162409,-0.006193623878061771,-0.005917693488299847,-0.0056417640298604965,-0.005365833640098572,-0.005089903715997934,-0.004813973791897297,-0.0045380438677966595,-0.004262113943696022,-0.003986184019595385,-0.003710254095494747,-0.0034343237057328224,-0.003158393781632185,-0.0028824638575315475,-0.00260653393343091,-0.0023306040093302727,-0.0020546740852296352,-0.0017787441611289978,-0.001502813771367073,-0.001226884312927723,-0.0009509539231657982,-0.0006750244647264481,-0.0003990931436419487,-0.00012316275388002396,0.00015276670455932617,0.0004286970943212509,0.000704626552760601,0.0009805569425225258,0.0012564868666231632,0.0015324167907238007,0.001808346714824438,0.0020842766389250755,0.002360206563025713,0.0026361364871263504,0.002912066876888275,0.0031879968009889126,0.00346392672508955,0.0037398566491901875,0.004015786573290825,0.004291716497391462,0.0045676464214921,0.0048435768112540245,0.005119506269693375,0.005395436659455299,0.005671366583555937,0.005947296507656574,0.006223226431757212,0.006499156355857849,0.0067750862799584866,0.007051016204059124,0.007326946593821049,0.007602876517921686,0.007878806442022324,0.008154735900461674,0.008430666290223598],"_type":"histogram"},"train_precision":0.994856531575469,"parameters/layer1.0.weight":{"_type":"histogram","values":[1,0,0,1,0,1,0,0,0,0,1,1,1,1,1,0,0,2,3,3,3,2,7,3,3,7,2,6,4,9,10,8,3,6,8,18,15,12,7,8,14,18,11,19,23,18,18,14,15,15,12,12,12,8,4,8,6,4,5,3,2,1,0,1],