{"train_precision":0.9911399658459962,"gradients/fc.weight":{"_type":"histogram","values":[2,0,0,1,2,1,1,6,3,9,10,8,11,12,21,26,40,42,44,53,98,109,136,184,238,313,456,594,1953,24376,880,485,324,207,154,100,98,78,53,42,25,34,19,23,19,16,9,8,2,7,8,3,5,2,3,2,0,1,1,1,1,0,0,1],"bins":[-0.1264158934354782,-0.12206757813692093,-0.11771927028894424,-0.11337095499038696,-0.10902264714241028,-0.104674331843853,-0.10032601654529572,-0.09597770869731903,-0.09162939339876175,-0.08728107810020447,-0.08293277025222778,-0.0785844549536705,-0.07423613965511322,-0.06988783180713654,-0.06553951650857925,-0.06119120866060257,-0.05684289336204529,-0.05249457806348801,-0.04814627021551132,-0.04379795491695404,-0.039449647068977356,-0.035101331770420074,-0.030753016471862793,-0.02640470862388611,-0.022056393325328827,-0.017708078026771545,-0.01335977017879486,-0.00901145488023758,-0.004663139581680298,-0.0003148317337036133,0.004033476114273071,0.00838179886341095,0.012730121612548828,0.017078429460525513,0.02142675220966339,0.025775060057640076,0.03012336790561676,0.03447168320417404,0.03881999850273132,0.04316830635070801,0.04751662164926529,0.05186493694782257,0.056213244795799255,0.06056156009435654,0.06490987539291382,0.0692581832408905,0.07360649853944778,0.07795480638742447,0.08230312168598175,0.08665143698453903,0.09099974483251572,0.095348060131073,0.09969636797904968,0.10404468327760696,0.10839299857616425,0.11274130642414093,0.11708962172269821,0.1214379370212555,0.12578624486923218,0.13013455271720886,0.13448287546634674,0.13883118331432343,0.1431794911623001,0.147527813911438,0.15187612175941467]},"test_accuracy":0.9882,"best_val_accuracy":0.9849301397205589,"gradients/layer2.0.weight":{"_type":"histogram","values":[1,0,2,1,0,0,1,2,2,0,2,2,5,5,2,11,2,5,7,10,12,10,8,9,12,21,19,35,29,51,64,67,88,141,151,225,358,546,876,1281,2038,2851,4609,6976,10795,7183,4816,3140,1954,1177,673,389,240,123,67,49,20,12,7,9,6,0,1,2],"bins":[-0.022690337151288986,-0.022183947265148163,-0.02167755924165249,-0.021171169355511665,-0.02066478133201599,-0.020158391445875168,-0.019652003422379494,-0.01914561353623867,-0.018639225512742996,-0.018132835626602173,-0.0176264476031065,-0.017120057716965675,-0.01661366969347,-0.016107279807329178,-0.015600890852510929,-0.01509450189769268,-0.014588112942874432,-0.014081723988056183,-0.013575335033237934,-0.013068946078419685,-0.012562557123601437,-0.012056168168783188,-0.011549779213964939,-0.01104339025914669,-0.010537000373005867,-0.010030611418187618,-0.00952422246336937,-0.00901783350855112,-0.008511444553732872,-0.008005055598914623,-0.0074986666440963745,-0.0069922786206007,-0.006485888734459877,-0.005979498848319054,-0.0054731108248233795,-0.004966721870005131,-0.004460332915186882,-0.003953943960368633,-0.0034475550055503845,-0.0029411660507321358,-0.002434777095913887,-0.0019283872097730637,-0.001421998254954815,-0.0009156093001365662,-0.0004092203453183174,9.716860949993134e-05,0.0006035575643181801,0.0011099465191364288,0.0016163354739546776,0.0021227244287729263,0.002629113383591175,0.003135502338409424,0.0036418912932276726,0.004148280713707209,0.004654669668525457,0.005161058623343706,0.005667447578161955,0.006173836532980204,0.006680225487798452,0.0071866149082779884,0.007693003863096237,0.008199392817914486,0.008705781772732735,0.009212170727550983,0.009718559682369232]},"_step":149940,"parameters/layer1.0.weight":{"_type":"histogram","values":[2,2,1,6,2,5,6,4,4,4,8,9,9,10,7,13,10,13,15,15,16,14,17,16,19,16,28,15,22,22,17,25,15,12,14,17,19,16,17,20,17,27,18,19,13,24,21,23,14,16,19,20,17,10,13,11,4,5,3,1,0,0,2,1],"bins":[-0.3676196336746216,-0.3562355637550354,-0.34485146403312683,-0.33346739411354065,-0.3220832943916321,-0.3106992244720459,-0.2993151545524597,-0.28793105483055115,-0.2765469551086426,-0.2651628851890564,-0.2537788152694702,-0.24239471554756165,-0.23101064562797546,-0.2196265608072281,-0.2082424759864807,-0.19685839116573334,-0.18547430634498596,-0.1740902215242386,-0.1627061367034912,-0.15132205188274384,-0.13993796706199646,-0.12855389714241028,-0.11716979742050171,-0.10578572750091553,-0.09440165758132935,-0.08301755785942078,-0.0716334879398346,-0.060249388217926025,-0.048865318298339844,-0.037481218576431274,-0.026097148656845093,-0.014713048934936523,-0.003328979015350342,0.00805509090423584,0.01943919062614441,0.03082326054573059,0.04220736026763916,0.05359143018722534,0.06497552990913391,0.07635959982872009,0.08774369955062866,0.09912776947021484,0.11051183938980103,0.1218959391117096,0.13328000903129578,0.14466409385204315,0.15604817867279053,0.1674322634935379,0.17881634831428528,0.19020043313503265,0.20158451795578003,0.2129686027765274,0.22435268759727478,0.23573675751686096,0.24712084233760834,0.2585049271583557,0.2698889970779419,0.28127309679985046,0.29265719652175903,0.3040412664413452,0.3154253363609314,0.32680943608283997,0.33819350600242615,0.3495776057243347,0.3609616756439209]},"parameters/fc.bias":{"_type":"histogram","values":[1,0,0,0,0,1,0,0,0,0,0,0,0,0,1,0,0,0,0,0,0,0,0,0,0,0,1,1,0,0,1,0,0,1,0,0,0,1,0,0,0,0,0,0,0,0,0,0,0,0,0,0,0,1,0,0,0,0,0,0,0,0,0,1],"bins":[-0.024648582562804222,-0.0238504521548748,-0.023052319884300232,-0.02225418947637081,-0.02145605906844139,-0.02065792679786682,-0.0198597963899374,-0.01906166598200798,-0.01826353371143341,-0.01746540144085884,-0.01666727103292942,-0.015869140625,-0.015071009285748005,-0.01427287794649601,-0.01347474753856659,-0.012676616199314594,-0.0118784848600626,-0.011080353520810604,-0.010282222181558609,-0.009484091773629189,-0.008685959503054619,-0.007887829095125198,-0.007089698687195778,-0.006291566416621208,-0.005493436008691788,-0.004695305600762367,-0.0038971733301877975,-0.003099042922258377,-0.0023009125143289566,-0.001502780243754387,-0.0007046498358249664,9.348243474960327e-05,0.000891614705324173,0.0016897451132535934,0.002487877383828163,0.0032860077917575836,0.004084140062332153,0.004882270470261574,0.005680400878190994,0.006478533148765564,0.0072766635566949844,0.008074793964624405,0.008872926235198975,0.009671056643128395,0.010469187051057816,0.011267319321632385,0.012065449729561806,0.0128635810688138,0.013661712408065796,0.014459843747317791,0.015257975086569786,0.016056105494499207,0.016854237765073776,0.017652368173003197,0.018450498580932617,0.019248630851507187,0.020046761259436607,0.020844891667366028,0.021643023937940598,0.022441154345870018,0.02323928475379944,0.024037417024374008,0.02483554743230343,0.025633679702878,0.02643181011080742]},"gradients/layer1.0.bias":{"values":[1,2,1,0,0,0,1,0,2,0,3,0,1,1,0,1,0,0,2,2,1,2,2,1,1,3,0,0,0,1,0,0,0,0,0,0,1,0,1,0,0,0,0,0,0,0,0,0,0,0,0,0,1,0,0,0,0,0,0,0,0,0,0,1],