{"val_f1":0.9875102719419155,"gradients/graph_1layer1.0.weight":{"bins":[-0.07399357855319977,-0.07195485383272171,-0.06991612911224365,-0.067877396941185,-0.06583867222070694,-0.06379994750022888,-0.061761219054460526,-0.05972249060869217,-0.05768376588821411,-0.05564504116773605,-0.0536063127219677,-0.05156758427619934,-0.04952885955572128,-0.047490134835243225,-0.04545140638947487,-0.04341267794370651,-0.041373953223228455,-0.0393352285027504,-0.03729650005698204,-0.035257771611213684,-0.033219046890735626,-0.03118032217025757,-0.029141593724489212,-0.027102865278720856,-0.025064140558242798,-0.02302541583776474,-0.020986687391996384,-0.018947958946228027,-0.01690923422574997,-0.014870509505271912,-0.012831781059503555,-0.010793052613735199,-0.008754324167966843,-0.006715599447488785,-0.0046768710017204285,-0.002638142555952072,-0.0005994178354740143,0.0014393068850040436,0.0034780353307724,0.005516763776540756,0.007555488497018814,0.009594213217496872,0.011632941663265228,0.013671670109033585,0.015710394829511642,0.0177491195499897,0.019787847995758057,0.021826576441526413,0.02386530116200447,0.025904027745127678,0.027942754328250885,0.029981480911374092,0.0320202074944973,0.034058935940265656,0.03609766066074371,0.03813638538122177,0.04017511382699013,0.042213842272758484,0.04425256699323654,0.0462912917137146,0.048330020159482956,0.05036874860525131,0.05240747332572937,0.05444619804620743,0.056484926491975784],"_type":"histogram","values":[2,1,2,1,0,0,0,1,2,0,0,0,0,0,1,2,0,0,1,0,0,3,1,0,1,5,3,3,5,11,15,12,15,28,23,43,87,21,19,14,9,8,4,6,8,1,2,6,6,6,0,5,5,1,5,1,1,1,0,0,1,1,0,1]},"_step":149941,"train_accuracy":0.9930972388955582,"gradients/graph_1fc.bias":{"values":[1,0,0,0,0,0,0,0,0,0,0,0,0,0,0,0,0,0,0,1,0,0,0,0,0,0,0,0,0,1,0,0,0,0,0,0,0,0,0,1,1,0,0,0,1,0,0,1,0,1,0,0,0,0,0,0,0,0,0,0,0,1,0,1],"bins":[-0.010033698752522469,-0.009780338034033775,-0.009526978246867657,-0.009273617528378963,-0.009020257741212845,-0.008766897022724152,-0.008513536304235458,-0.00826017651706934,-0.008006815798580647,-0.007753456011414528,-0.007500095292925835,-0.007246735040098429,-0.006993374787271023,-0.0067400140687823296,-0.006486654281616211,-0.006233293563127518,-0.005979933310300112,-0.005726573057472706,-0.0054732128046453,-0.005219852086156607,-0.004966491833329201,-0.004713131580501795,-0.004459771327674389,-0.004206411074846983,-0.003953050822019577,-0.003699690103530884,-0.003446329850703478,-0.003192969597876072,-0.002939609345048666,-0.00268624909222126,-0.002432888373732567,-0.002179528586566448,-0.001926167868077755,-0.0016728071495890617,-0.0014194473624229431,-0.0011660866439342499,-0.000912726391106844,-0.000659366138279438,-0.0004060058854520321,-0.00015264563262462616,0.00010071508586406708,0.000354075338691473,0.0006074355915188789,0.0008607958443462849,0.0011141560971736908,0.0013675163500010967,0.00162087706848979,0.001874237321317196,0.002127597574144602,0.0023809578269720078,0.0026343183126300573,0.0028876785654574633,0.003141039051115513,0.0033943993039429188,0.0036477595567703247,0.0039011200424283743,0.0041544800624251366,0.00440784078091383,0.004661201033741236,0.004914561286568642,0.005167921539396048,0.0054212817922234535,0.005674642510712147,0.005928002763539553,0.006181363016366959],"_type":"histogram"},"val_precision":0.9875814746348868,"parameters/graph_1layer1.0.bias":{"bins":[-0.5024553537368774,-0.49538981914520264,-0.48832428455352783,-0.481258749961853,-0.4741932153701782,-0.4671276807785034,-0.4600621461868286,-0.4529966115951538,-0.445931077003479,-0.4388655424118042,-0.4318000078201294,-0.4247344732284546,-0.4176689386367798,-0.410603404045105,-0.4035378694534302,-0.39647233486175537,-0.38940680027008057,-0.38234126567840576,-0.37527573108673096,-0.36821019649505615,-0.36114466190338135,-0.35407912731170654,-0.34701359272003174,-0.33994805812835693,-0.3328825533390045,-0.3258170187473297,-0.3187514841556549,-0.3116859495639801,-0.3046204149723053,-0.2975548803806305,-0.2904893457889557,-0.2834238111972809,-0.2763582766056061,-0.2692927420139313,-0.26222720742225647,-0.25516167283058167,-0.24809613823890686,-0.24103060364723206,-0.23396506905555725,-0.22689953446388245,-0.21983399987220764,-0.21276848018169403,-0.20570294559001923,-0.19863741099834442,-0.19157187640666962,-0.1845063418149948,-0.17744080722332,-0.1703752726316452,-0.1633097380399704,-0.1562442034482956,-0.1491786688566208,-0.14211313426494598,-0.13504759967327118,-0.12798206508159637,-0.12091653048992157,-0.11385099589824677,-0.10678546130657196,-0.09971992671489716,-0.09265439212322235,-0.08558886498212814,-0.07852333039045334,-0.07145779579877853,-0.06439226120710373,-0.05732673034071922,-0.05026119574904442],"_type":"histogram","values":[1,0,0,0,0,0,0,0,0,1,0,0,0,0,0,0,0,0,0,0,0,0,0,0,0,1,0,0,0,0,0,0,1,0,0,0,1,0,0,0,0,0,0,0,0,0,0,0,2,1,2,0,0,0,1,0,0,1,1,1,1,0,0,1]},"val_accuracy":0.9875,"train_recall":0.9930972388955582,"best_val_accuracy":0.9875,"train_precision":0.9931214517528179,"gradients/graph_1layer2.0.weight":{"_type":"histogram","values":[1,0,0,0,0,0,2,0,0,1,1,0,1,1,2,2,1,1,1,2,0,0,0,3,1,4,2,6,6,8,14,14,32,39,48,60,97,121,210,350,658,9221,822,337,199,129,112,68,39,38,35,22,18,18,11,14,4,5,10,3,2,2,1,1],"bins":[-0.022144299000501633,-0.021612633019685745,-0.021080968901515007,-0.02054930292069912,-0.02001763880252838,-0.019485972821712494,-0.018954308703541756,-0.018422642722725868,-0.01789097860455513,-0.017359312623739243,-0.016827646642923355,-0.016295982524752617,-0.01576431654393673,-0.015232652425765991,-0.014700986444950104,-0.014169321395456791,-0.013637656345963478,-0.013105991296470165,-0.012574326246976852,-0.01204266119748354,-0.011510996147990227,-0.01097933016717434,-0.010447665117681026,-0.009916000068187714,-0.0093843350186944,-0.008852669969201088,-0.008321004919707775,-0.007789339870214462,-0.007257673889398575,-0.006726008839905262,-0.006194343790411949,-0.005662679672241211,-0.0051310136914253235,-0.004599347710609436,-0.004067683592438698,-0.003536018542945385,-0.003004353493452072,-0.0024726875126361847,-0.0019410224631428719,-0.001409357413649559,-0.0008776923641562462,-0.00034602731466293335,0.00018563773483037949,0.0007173027843236923,0.0012489687651395798,0.0017806338146328926,0.0023122988641262054,0.0028439639136195183,0.003375628963112831,0.003907294012606144,0.004438959062099457,0.004970624577254057,0.00550228962674737,0.006033954676240683,0.006565620191395283,0.007097285240888596,0.007628950290381908,0.008160615339875221,0.008692280389368534,0.009223945438861847,0.009755611419677734,0.010287276469171047,0.01081894151866436,0.011350606568157673,0.011882271617650986]},"gradients/graph_1layer1.0.bias":{"_type":"histogram","values":[1,0,0,0,0,0,0,0,0,0,0,0,0,0,0,0,0,0,0,1,0,0,0,0,1,1,0,0,2,2,0,1,0,1,1,0,0,0,0,0,1,0,0,0,0,0,1,0,0,0,0,0,0,0,0,1,0,0,0,0,0,0,0,2],