{"val_f1":0.9878201227038911,"parameters/graph_1fc.bias":{"_type":"histogram","values":[1,0,0,0,0,0,0,0,0,0,0,0,0,1,0,0,0,0,0,0,0,0,1,0,0,1,1,0,0,1,0,0,0,0,0,0,0,0,0,0,0,0,0,0,0,0,1,0,0,1,0,0,0,0,0,0,0,1,0,0,0,0,0,1],"bins":[-0.00521740410476923,-0.004917724523693323,-0.004618044942617416,-0.004318364895880222,-0.004018685314804316,-0.003719005733728409,-0.003419326152652502,-0.0031196463387459517,-0.002819966757670045,-0.002520287176594138,-0.0022206073626875877,-0.001920927781611681,-0.0016212482005357742,-0.0013215683866292238,-0.0010218885727226734,-0.0007222089916467667,-0.0004225294105708599,-0.00012284982949495316,0.0001768297515809536,0.00047650979831814766,0.0007761893793940544,0.0010758689604699612,0.001375548541545868,0.0016752281226217747,0.0019749077036976814,0.0022745877504348755,0.0025742673315107822,0.002873946912586689,0.003173626959323883,0.0034733060747385025,0.0037729861214756966,0.004072665236890316,0.00437234528362751,0.004672025330364704,0.004971704445779324,0.005271384492516518,0.005571063607931137,0.005870743654668331,0.006170423235744238,0.006470102816820145,0.006769782863557339,0.0070694624446332455,0.007369142025709152,0.007668821606785059,0.007968501187860966,0.00826818123459816,0.00856786035001278,0.008867540396749973,0.009167220443487167,0.009466899558901787,0.009766578674316406,0.0100662587210536,0.010365938767790794,0.010665617883205414,0.010965297929942608,0.011264977976679802,0.011564657092094421,0.011864337138831615,0.01216401718556881,0.012463696300983429,0.012763376347720623,0.013063055463135242,0.013362735509872437,0.013662414625287056,0.01396209467202425]},"test_precision":0.9902198383449388,"val_recall":0.9878243512974052,"test_f1":0.9901912581297162,"test_accuracy":0.9902,"parameters/graph_1layer1.0.weight":{"bins":[-0.4483433663845062,-0.4356710612773895,-0.42299872636795044,-0.41032642126083374,-0.39765408635139465,-0.38498178124427795,-0.37230944633483887,-0.35963714122772217,-0.3469648063182831,-0.3342925012111664,-0.3216201663017273,-0.3089478611946106,-0.2962755560874939,-0.2836032211780548,-0.2709308862686157,-0.258258581161499,-0.24558626115322113,-0.23291394114494324,-0.22024162113666534,-0.20756930112838745,-0.19489699602127075,-0.18222466111183167,-0.16955235600471497,-0.15688002109527588,-0.14420771598815918,-0.1315353810787201,-0.1188630759716034,-0.1061907410621643,-0.09351843595504761,-0.08084610104560852,-0.06817379593849182,-0.055501461029052734,-0.042829155921936035,-0.030156850814819336,-0.01748451590538025,-0.00481221079826355,0.007860124111175537,0.020532429218292236,0.03320476412773132,0.04587706923484802,0.05854940414428711,0.07122170925140381,0.0838940441608429,0.0965663492679596,0.10923868417739868,0.12191098928451538,0.13458330929279327,0.14725562930107117,0.15992794930934906,0.17260026931762695,0.18527258932590485,0.19794490933418274,0.21061722934246063,0.22328954935073853,0.23596186935901642,0.2486341893672943,0.261306494474411,0.2739788293838501,0.2866511344909668,0.2993234694004059,0.3119957745075226,0.32466810941696167,0.33734041452407837,0.35001274943351746,0.36268505454063416],"_type":"histogram","values":[1,1,0,0,2,3,4,4,4,2,3,0,10,5,9,8,8,17,12,12,11,14,15,19,21,12,17,22,11,18,22,23,26,23,12,27,21,22,26,16,28,16,23,24,27,21,25,22,22,15,16,16,16,10,11,2,5,6,2,4,2,3,0,1]},"val_accuracy":0.9878243512974052,"gradients/graph_1fc.weight":{"bins":[-0.02150125987827778,-0.020839734002947807,-0.020178206264972687,-0.019516680389642715,-0.018855154514312744,-0.018193626776337624,-0.017532100901007652,-0.016870573163032532,-0.01620904728770256,-0.015547520481050014,-0.014885993674397469,-0.014224467799067497,-0.013562940992414951,-0.012901414185762405,-0.012239888310432434,-0.011578361503779888,-0.010916834697127342,-0.010255307890474796,-0.00959378108382225,-0.008932255208492279,-0.008270728401839733,-0.007609201595187187,-0.006947675719857216,-0.00628614891320467,-0.005624622106552124,-0.004963096231222153,-0.004301568493247032,-0.003640042617917061,-0.0029785167425870895,-0.002316989004611969,-0.0016554631292819977,-0.0009939353913068771,-0.00033241137862205505,0.00032911449670791626,0.0009906422346830368,0.0016521681100130081,0.0023136958479881287,0.0029752217233181,0.0036367475986480713,0.004298275336623192,0.004959801211953163,0.005621328018605709,0.006282854825258255,0.006944380700588226,0.007605907507240772,0.008267434313893318,0.00892896018922329,0.009590486995875835,0.010252013802528381,0.010913540609180927,0.011575067415833473,0.012236593291163445,0.01289812009781599,0.013559646904468536,0.014221172779798508,0.014882699586451054,0.0155442263931036,0.01620575413107872,0.01686728000640869,0.017528805881738663,0.018190331757068634,0.018851859495043755,0.019513385370373726,0.020174913108348846,0.020836438983678818],"_type":"histogram","values":[1,0,1,0,0,0,0,1,0,2,0,5,4,8,11,14,10,22,30,35,31,42,71,80,97,108,175,232,358,579,972,2090,21350,2202,1013,535,321,216,161,114,97,75,52,51,45,30,33,18,11,14,13,17,3,2,0,2,1,3,0,0,0,0,0,2]},"gradients/graph_1layer2.0.bias":{"_type":"histogram","values":[1,0,0,0,0,0,1,0,0,0,0,0,1,1,0,1,0,2,2,3,1,2,1,4,1,1,0,2,3,7,1,2,2,0,1,2,3,2,1,1,2,1,2,0,1,2,1,1,0,0,1,1,1,0,0,0,0,0,0,0,1,0,0,1],"bins":[-0.002541863825172186,-0.002456910675391555,-0.0023719575256109238,-0.0022870046086609364,-0.0022020514588803053,-0.0021170983090996742,-0.002032145159319043,-0.001947192009538412,-0.0018622389761731029,-0.0017772859428077936,-0.0016923327930271626,-0.0016073796432465315,-0.0015224264934659004,-0.0014374734601005912,-0.0013525203103199601,-0.0012675672769546509,-0.0011826141271740198,-0.0010976609773933887,-0.0010127079440280795,-0.0009277547942474484,-0.0008428017608821392,-0.0007578486111015081,-0.0006728954613208771,-0.000587942311540246,-0.0005029891617596149,-0.00041803624480962753,-0.00033308309502899647,-0.0002481299452483654,-0.00016317679546773434,-7.822364568710327e-05,6.72927126288414e-06,9.16824210435152e-05,0.00017663557082414627,0.00026158872060477734,0.0003465418703854084,0.0004314947873353958,0.0005164479371160269,0.0006014010868966579,0.000686354236677289,0.0007713073864579201,0.0008562603034079075,0.0009412134531885386,0.0010261666029691696,0.0011111197527498007,0.0011960729025304317,0.001281025935895741,0.001365979085676372,0.0014509321190416813,0.0015358852688223124,0.0016208384186029434,0.0017057914519682527,0.0017907446017488837,0.001875697635114193,0.001960650784894824,0.002045603934675455,0.002130557084456086,0.0022155102342367172,0.0023004631511867046,0.0023854163009673357,0.0024703694507479668,0.002555322600528598,0.002640275750309229,0.0027252286672592163,0.0028101818170398474,0.0028951349668204784]},