{"_timestamp":1.7674996274750566e+09,"gradients/layer2.0.bias":{"values":[1,0,0,1,0,0,1,1,1,0,1,0,1,1,3,0,1,1,0,1,0,1,1,6,0,1,0,1,0,1,0,0,0,1,1,0,0,0,1,0,1,1,1,0,0,0,0,0,0,0,0,0,0,0,0,0,0,0,0,0,0,0,0,1],"bins":[-0.005308027379214764,-0.005085565149784088,-0.004863102920353413,-0.004640640690922737,-0.004418178927153349,-0.004195716697722673,-0.003973254468291998,-0.0037507922388613224,-0.003528330009430647,-0.003305868012830615,-0.0030834057833999395,-0.002860943553969264,-0.002638481557369232,-0.0024160193279385567,-0.002193557098507881,-0.0019710951019078493,-0.0017486328724771738,-0.0015261706430464983,-0.0013037086464464664,-0.001081246417015791,-0.0008587841875851154,-0.0006363219581544399,-0.0004138597287237644,-0.00019139796495437622,3.1064264476299286e-05,0.0002535264939069748,0.0004759887233376503,0.0006984509527683258,0.0009209131821990013,0.0011433749459683895,0.001365837175399065,0.0015882994048297405,0.001810761634260416,0.0020332238636910915,0.002255686093121767,0.0024781483225524426,0.0027006100863218307,0.0029230723157525063,0.0031455345451831818,0.0033679967746138573,0.0035904590040445328,0.0038129212334752083,0.0040353829972445965,0.004257845226675272,0.0044803074561059475,0.004702769685536623,0.0049252319149672985,0.005147693678736687,0.005370155908167362,0.005592618137598038,0.005815080367028713,0.006037542596459389,0.006260004825890064,0.00648246705532074,0.006704929284751415,0.006927391514182091,0.007149853277951479,0.0073723155073821545,0.00759477773681283,0.007817239500582218,0.008039701730012894,0.00826216395944357,0.008484626188874245,0.00870708841830492,0.008929550647735596],"_type":"histogram"},"epoch":0,"_step":49980,"train_accuracy":0.9809323729491797,"parameters/layer1.0.bias":{"bins":[-0.23738035559654236,-0.23323842883110046,-0.22909651696681976,-0.22495459020137787,-0.22081266343593597,-0.21667075157165527,-0.21252882480621338,-0.20838689804077148,-0.20424498617649078,-0.2001030594110489,-0.1959611475467682,-0.1918192207813263,-0.1876772940158844,-0.1835353672504425,-0.1793934553861618,-0.1752515286207199,-0.1711096167564392,-0.16696768999099731,-0.16282576322555542,-0.15868383646011353,-0.15454192459583282,-0.15039999783039093,-0.14625808596611023,-0.14211615920066833,-0.13797423243522644,-0.13383230566978455,-0.12969039380550385,-0.12554848194122314,-0.12140654772520065,-0.11726462841033936,-0.11312270909547806,-0.10898078978061676,-0.10483886301517487,-0.10069693624973297,-0.09655500948429108,-0.09241309762001038,-0.08827117085456848,-0.08412924408912659,-0.07998733222484589,-0.07584540545940399,-0.07170349359512329,-0.0675615668296814,-0.0634196400642395,-0.0592777244746685,-0.05513579770922661,-0.05099387839436531,-0.04685195907950401,-0.04271003231406212,-0.03856811299920082,-0.034426189959049225,-0.030284270644187927,-0.02614234760403633,-0.022000428289175034,-0.017858505249023438,-0.013716582208871841,-0.009574662894010544,-0.005432739853858948,-0.001290818676352501,0.002851102501153946,0.006993025541305542,0.011134946718811989,0.015276867896318436,0.019418790936470032,0.02356071211397648,0.027702633291482925],"_type":"histogram","values":[1,0,0,0,0,0,0,0,0,0,0,0,0,0,0,0,0,0,0,0,0,0,0,0,0,0,0,0,0,0,0,0,0,0,2,0,0,0,0,0,0,0,0,0,1,0,0,0,1,1,0,1,1,1,4,1,0,0,0,1,0,0,0,1]},"val_precision":0.9789918726780421,"gradients/layer1.0.weight":{"_type":"histogram","values":[1,0,0,0,1,3,1,2,2,1,2,4,2,4,8,5,12,7,6,7,14,9,16,12,13,18,18,20,23,22,25,11,11,13,18,12,8,7,7,6,11,0,2,6,5,2,3,1,2,4,1,1,3,1,0,2,0,0,0,3,0,0,1,1],"bins":[-0.011225621215999126,-0.010870703496038914,-0.010515784844756126,-0.010160867124795914,-0.009805948473513126,-0.009451030753552914,-0.009096112102270126,-0.008741194382309914,-0.008386276662349701,-0.008031358011066914,-0.007676440291106701,-0.007321522105485201,-0.006966603919863701,-0.006611685734242201,-0.006256768014281988,-0.005901849828660488,-0.005546931643038988,-0.005192013457417488,-0.004837095271795988,-0.004482177551835775,-0.004127259366214275,-0.0037723411805927753,-0.0034174229949712753,-0.0030625052750110626,-0.0027075866237282753,-0.0023526689037680626,-0.0019977502524852753,-0.0016428325325250626,-0.0012879148125648499,-0.0009329961612820625,-0.0005780784413218498,-0.0002231597900390625,0.0001317579299211502,0.0004866756498813629,0.0008415943011641502,0.001196512021124363,0.0015514306724071503,0.001906348392367363,0.0022612661123275757,0.002616184763610363,0.0029711024835705757,0.003326021134853363,0.0036809388548135757,0.004035857040435076,0.004390775226056576,0.004745693411678076,0.0051006111316382885,0.0054555293172597885,0.0058104475028812885,0.0061653656885027885,0.0065202838741242886,0.006875201594084501,0.007230119779706001,0.007585037965327501,0.007939956150949001,0.008294873870909214,0.008649792522192001,0.009004710242152214,0.009359627962112427,0.009714546613395214,0.010069464333355427,0.010424382984638214,0.010779300704598427,0.011134219355881214,0.011489137075841427]},"test_precision":0.9804896721380666,"train_recall":0.9809323729491797,"gradients/layer2.0.weight":{"bins":[-0.006450194865465164,-0.006218370981514454,-0.005986546631902456,-0.005754722747951746,-0.005522898864001036,-0.005291074514389038,-0.005059250630438328,-0.0048274267464876175,-0.00459560239687562,-0.00436377851292491,-0.004131954163312912,-0.0039001302793622017,-0.0036683063954114914,-0.0034364822786301374,-0.0032046581618487835,-0.002972834277898073,-0.0027410101611167192,-0.0025091860443353653,-0.002277362160384655,-0.0020455378107726574,-0.001813713926821947,-0.0015818900428712368,-0.0013500656932592392,-0.001118241809308529,-0.0008864179253578186,-0.000654593575745821,-0.0004227696917951107,-0.0001909458078444004,4.08785417675972e-05,0.0002727024257183075,0.0005045263096690178,0.0007363506592810154,0.0009681745432317257,0.001199998427182436,0.0014318227767944336,0.0016636466607451439,0.0018954705446958542,0.002127294894307852,0.002359118778258562,0.0025909426622092724,0.00282276701182127,0.0030545908957719803,0.0032864147797226906,0.003518239129334688,0.0037500630132853985,0.003981886897236109,0.004213711246848106,0.004445535130798817,0.004677359014749527,0.004909183364361525,0.005141007248312235,0.0053728315979242325,0.005604655481874943,0.005836479365825653,0.006068303249776363,0.006300127599388361,0.006531951483339071,0.006763775832951069,0.006995599716901779,0.0072274236008524895,0.007459247950464487,0.007691071834415197,0.007922896184027195,0.008154720067977905,0.008386543951928616],"_type":"histogram","values":[1,0,0,4,2,3,4,3,6,7,12,21,23,31,38,65,63,92,118,147,196,273,372,466,527,749,1071,3668,1287,1036,694,486,392,230,177,141,106,83,51,29,34,17,11,6,10,7,13,6,2,4,3,2,4,1,1,2,0,0,0,1,0,0,1,1]},