{"gradients/layer2.0.weight":{"_type":"histogram","values":[1,2,0,0,0,0,0,0,0,1,0,1,1,0,0,0,1,0,1,0,0,1,1,0,2,0,2,4,2,6,7,7,10,12,28,30,38,52,82,332,50277,96,53,34,29,21,15,13,3,7,9,5,1,3,3,1,0,3,1,0,1,0,0,1],"bins":[-0.06999684870243073,-0.06824852526187897,-0.0665002092719078,-0.06475188583135605,-0.06300356984138489,-0.06125524640083313,-0.05950692668557167,-0.05775860697031021,-0.05601028725504875,-0.05426196753978729,-0.052513644099235535,-0.050765328109264374,-0.049017004668712616,-0.04726868495345116,-0.0455203652381897,-0.04377204179763794,-0.04202372580766678,-0.04027540236711502,-0.03852708265185356,-0.0367787629365921,-0.03503044322133064,-0.03328212350606918,-0.031533803790807724,-0.029785480350255966,-0.028037160634994507,-0.026288840919733047,-0.024540521204471588,-0.02279220148921013,-0.02104388177394867,-0.01929555833339691,-0.017547238618135452,-0.015798918902873993,-0.014050599187612534,-0.012302279472351074,-0.010553959757089615,-0.008805640041828156,-0.007057316601276398,-0.005308996886014938,-0.003560677170753479,-0.0018123574554920197,-6.40377402305603e-05,0.001684281975030899,0.003432605415582657,0.005180925130844116,0.0069292448461055756,0.008677564561367035,0.010425884276628494,0.012174205854535103,0.013922525569796562,0.01567084528505802,0.01741916686296463,0.01916748657822609,0.02091580629348755,0.022664127871394157,0.024412447586655617,0.026160767301917076,0.027909088879823685,0.029657408595085144,0.0314057283103466,0.03315404802560806,0.03490236774086952,0.03665068745613098,0.03839901089668274,0.0401473306119442,0.04189565032720566]},"gradients/layer1.0.bias":{"_type":"histogram","values":[1,0,0,0,0,0,0,0,0,0,0,0,0,0,0,0,0,0,0,0,0,0,0,0,1,0,0,0,0,0,0,2,1,1,0,0,0,1,1,1,14,3,1,1,0,1,0,0,0,0,0,0,0,0,0,0,0,1,1,0,0,0,0,1],"bins":[-0.19192133843898773,-0.18715433776378632,-0.1823873221874237,-0.1776203215122223,-0.17285332083702087,-0.16808632016181946,-0.16331930458545685,-0.15855230391025543,-0.15378530323505402,-0.1490182876586914,-0.14425128698349,-0.13948428630828857,-0.13471728563308716,-0.12995027005672455,-0.12518326938152313,-0.12041626870632172,-0.1156492605805397,-0.11088225245475769,-0.10611525177955627,-0.10134824365377426,-0.09658124297857285,-0.09181423485279083,-0.08704723417758942,-0.0822802260518074,-0.07751321792602539,-0.07274621725082397,-0.06797920912504196,-0.06321220099925995,-0.05844520032405853,-0.05367819964885712,-0.0489111989736557,-0.04414418339729309,-0.03937717527151108,-0.03461017459630966,-0.029843159019947052,-0.025076158344745636,-0.02030915766954422,-0.015542156994342804,-0.010775148868560791,-0.006008140742778778,-0.001241140067577362,0.003525868058204651,0.008292876183986664,0.01305987685918808,0.017826884984970093,0.02259388566017151,0.02736089378595352,0.03212789446115494,0.03689490258693695,0.041661910712718964,0.04642891138792038,0.051195915788412094,0.05596292018890381,0.06072992831468582,0.06549693644046783,0.07026393711566925,0.07503093779087067,0.07979794591665268,0.08456495404243469,0.08933195471763611,0.09409896284341812,0.09886596351861954,0.10363297164440155,0.10839997231960297,0.11316698044538498]},"_timestamp":1.7673144743182905e+09,"parameters/layer1.0.bias":{"bins":[-0.9923245906829834,-0.9770430326461792,-0.961761474609375,-0.9464799165725708,-0.9311983585357666,-0.9159168004989624,-0.900635302066803,-0.8853537440299988,-0.8700721859931946,-0.8547906279563904,-0.8395090699195862,-0.824227511882782,-0.8089459538459778,-0.7936644554138184,-0.7783828973770142,-0.76310133934021,-0.7478197813034058,-0.7325382232666016,-0.7172566652297974,-0.7019751071929932,-0.686693549156189,-0.6714119911193848,-0.6561304330825806,-0.6408488750457764,-0.6255673170089722,-0.610285758972168,-0.5950042605400085,-0.5797227025032043,-0.5644411444664001,-0.549159586429596,-0.5338780879974365,-0.5185965299606323,-0.5033149123191833,-0.48803335428237915,-0.47275179624557495,-0.45747026801109314,-0.44218870997428894,-0.42690715193748474,-0.41162559390068054,-0.39634406566619873,-0.38106250762939453,-0.36578094959259033,-0.35049939155578613,-0.33521783351898193,-0.3199363052845001,-0.3046547472476959,-0.2893731892108917,-0.2740916311740875,-0.2588101029396057,-0.2435285449028015,-0.2282470017671585,-0.2129654437303543,-0.1976839005947113,-0.1824023425579071,-0.1671207994222641,-0.1518392413854599,-0.1365576833486557,-0.1212761327624321,-0.1059945821762085,-0.0907130315899849,-0.07543148100376129,-0.06014993041753769,-0.04486837610602379,-0.029586825519800186,-0.01430527400225401],"_type":"histogram","values":[1,0,0,0,0,0,0,0,0,0,0,0,1,0,0,0,0,0,0,0,0,0,0,0,1,0,0,0,0,0,1,0,0,0,1,1,1,3,1,1,0,2,0,0,1,1,1,0,1,0,1,1,1,3,0,0,1,2,0,1,1,1,0,2]},"train_recall":0.9837134853941577,"_runtime":388.679216,"batch_loss":0.007064065895974636,"gradients/fc.bias":{"_type":"histogram","values":[1,0,0,0,0,0,0,0,0,0,0,0,0,0,0,0,0,0,0,0,0,0,0,0,0,0,0,0,0,0,0,0,0,0,0,0,0,1,3,2,0,0,1,0,0,0,0,0,0,0,0,1,0,0,0,0,0,0,0,0,0,0,0,1],"bins":[-0.02744382619857788,-0.026740850880742073,-0.026037877425551414,-0.025334902107715607,-0.024631928652524948,-0.02392895333468914,-0.023225979879498482,-0.022523004561662674,-0.021820031106472015,-0.021117055788636208,-0.02041408233344555,-0.01971110701560974,-0.019008133560419083,-0.018305158242583275,-0.017602182924747467,-0.01689920946955681,-0.01619623601436615,-0.015493260696530342,-0.014790286310017109,-0.014087311923503876,-0.013384337536990643,-0.01268136315047741,-0.011978388763964176,-0.011275414377450943,-0.010572439059615135,-0.009869465604424477,-0.009166490286588669,-0.00846351683139801,-0.0077605415135622025,-0.007057568058371544,-0.006354592740535736,-0.0056516192853450775,-0.00494864396750927,-0.004245668649673462,-0.0035426951944828033,-0.0028397198766469955,-0.002136746421456337,-0.0014337711036205292,-0.0007307976484298706,-2.7822330594062805e-05,0.0006751511245965958,0.0013781264424324036,0.0020811008289456367,0.00278407521545887,0.003487049601972103,0.004190023988485336,0.0048929983749985695,0.005595972761511803,0.006298947148025036,0.007001921534538269,0.007704895921051502,0.008407870307564735,0.009110844694077969,0.009813819080591202,0.01051679439842701,0.011219767853617668,0.011922743171453476,0.012625716626644135,0.013328691944479942,0.014031666330993176,0.014734640717506409,0.015437615104019642,0.016140589490532875,0.016843562945723534,0.01754653826355934]},"gradients/layer2.0.bias":{"_type":"histogram","values":[1,0,0,0,0,0,0,0,0,0,0,0,0,0,0,0,0,0,0,0,0,0,0,0,0,0,0,0,0,0,0,0,0,0,1,0,0,0,0,0,0,0,0,59,0,0,1,0,0,0,0,0,0,0,0,0,0,0,0,0,0,0,0,2],"bins":[-0.07489219307899475,-0.07318196445703506,-0.07147172838449478,-0.0697614997625351,-0.06805126368999481,-0.06634103506803513,-0.06463079899549484,-0.06292057037353516,-0.06121033802628517,-0.05950010567903519,-0.0577898733317852,-0.05607964098453522,-0.05436940863728523,-0.05265917629003525,-0.05094894766807556,-0.04923871159553528,-0.04752848297357559,-0.04581824690103531,-0.04410801827907562,-0.04239778593182564,-0.04068755358457565,-0.03897732123732567,-0.037267088890075684,-0.0355568565428257,-0.033846624195575714,-0.03213639184832573,-0.030426159501075745,-0.02871593087911606,-0.027005698531866074,-0.02529546618461609,-0.023585233837366104,-0.02187500149011612,-0.020164769142866135,-0.01845453679561615,-0.016744304448366165,-0.01503407210111618,-0.013323839753866196,-0.011613607406616211,-0.009903378784656525,-0.00819314643740654,-0.006482914090156555,-0.0047726817429065704,-0.0030624493956565857,-0.001352217048406601,0.0003580152988433838,0.0020682476460933685,0.003778478130698204,0.005488710477948189,0.0071989428251981735,0.008909175172448158,0.010619407519698143,0.012329638004302979,0.014039870351552963,0.015750102698802948,0.017460335046052933,0.019170567393302917,0.020880799740552902,0.022591032087802887,0.024301262572407722,0.026011494919657707,0.027721727266907692,0.029431957751512527,0.031142190098762512,0.0328524224460125,0.03456265479326248]},"test_accuracy":0.9788,"_wandb":{"runtime":388},