{"parameters/graph_3layer1.0.weight":{"_type":"histogram","values":[2,0,2,0,0,0,3,2,1,0,2,1,1,5,2,5,6,5,8,5,8,8,12,21,16,23,19,11,26,21,21,27,20,14,22,26,18,34,26,19,27,27,23,31,29,19,24,28,21,24,26,24,18,8,5,7,0,7,1,1,1,2,2,3],"bins":[-0.5887796878814697,-0.5733451247215271,-0.5579105019569397,-0.5424759387969971,-0.5270413160324097,-0.511606752872467,-0.496172159910202,-0.480737566947937,-0.4653030037879944,-0.449868381023407,-0.43443381786346436,-0.41899922490119934,-0.4035646319389343,-0.3881300687789917,-0.3726954460144043,-0.35726088285446167,-0.34182628989219666,-0.32639169692993164,-0.3109571039676666,-0.295522540807724,-0.280087947845459,-0.26465335488319397,-0.24921876192092896,-0.23378416895866394,-0.21834957599639893,-0.2029150128364563,-0.18748041987419128,-0.17204582691192627,-0.15661123394966125,-0.14117664098739624,-0.1257420778274536,-0.1103074848651886,-0.09487292170524597,-0.07943832874298096,-0.06400373578071594,-0.048569172620773315,-0.0331345796585083,-0.017699986696243286,-0.0022653937339782715,0.013169199228286743,0.02860376238822937,0.044038355350494385,0.0594729483127594,0.07490754127502441,0.09034213423728943,0.10577672719955444,0.12121129035949707,0.13664588332176208,0.1520804762840271,0.16751506924629211,0.18294964730739594,0.19838424026966095,0.21381881833076477,0.22925341129302979,0.2446880042552948,0.2601225972175598,0.27555716037750244,0.29099175333976746,0.30642634630203247,0.3218609392642975,0.3372955322265625,0.3527300953865051,0.36816468834877014,0.38359928131103516,0.39903387427330017]},"parameters/graph_3layer2.0.weight":{"_type":"histogram","values":[1,0,0,1,0,2,2,2,3,8,8,2,9,10,16,16,29,35,55,52,68,87,106,140,194,250,347,480,668,974,1391,2723,5859,7288,7758,7870,5654,3092,2061,1292,801,504,391,264,170,135,114,55,61,44,26,24,18,9,12,6,7,2,2,1,0,0,0,1],"bins":[-0.5488290786743164,-0.5334398150444031,-0.5180506110191345,-0.5026613473892212,-0.48727208375930786,-0.4718828499317169,-0.456493616104126,-0.44110435247421265,-0.4257151186466217,-0.41032588481903076,-0.39493662118911743,-0.3795473873615265,-0.36415815353393555,-0.3487688899040222,-0.3333796560764313,-0.31799042224884033,-0.302601158618927,-0.28721192479133606,-0.27182266116142273,-0.2564334273338318,-0.24104416370391846,-0.22565492987632751,-0.21026569604873657,-0.19487643241882324,-0.1794871985912323,-0.16409796476364136,-0.14870870113372803,-0.13331946730613708,-0.11793023347854614,-0.10254096984863281,-0.08715173602104187,-0.07176247239112854,-0.05637320876121521,-0.04098397493362427,-0.025594711303710938,-0.010205477476119995,0.005183786153793335,0.020573019981384277,0.03596225380897522,0.05135151743888855,0.06674075126647949,0.08212998509407043,0.09751924872398376,0.11290848255157471,0.12829771637916565,0.14368698000907898,0.15907621383666992,0.17446547746658325,0.1898547112941742,0.20524396002292633,0.22063320875167847,0.2360224425792694,0.25141167640686035,0.2668009400367737,0.2821901738643646,0.29757940769195557,0.3129686713218689,0.3283579349517822,0.34374716877937317,0.3591364026069641,0.37452566623687744,0.3899149000644684,0.4053041338920593,0.42069339752197266,0.4360826313495636]},"_timestamp":1.7673230065688124e+09,"val_accuracy":0.9884231536926148,"_step":149940,"val_f1":0.9884273312736553,"gradients/graph_3fc.weight":{"values":[1,0,1,1,0,1,0,0,0,3,2,1,3,0,4,5,6,7,11,14,15,9,14,22,25,36,42,69,114,161,497,28952,746,186,86,60,40,42,32,23,19,17,11,20,15,7,8,7,4,4,3,1,1,3,1,1,1,0,2,1,2,0,0,1],"bins":[-0.0294025931507349,-0.028474027290940285,-0.02754545956850052,-0.026616893708705902,-0.025688325986266136,-0.02475976012647152,-0.023831192404031754,-0.022902626544237137,-0.02197405882179737,-0.021045492962002754,-0.02011692523956299,-0.01918835937976837,-0.018259793519973755,-0.01733122579753399,-0.016402658075094223,-0.015474092215299606,-0.014545525424182415,-0.013616958633065224,-0.012688392773270607,-0.011759825050830841,-0.010831259191036224,-0.009902691468596458,-0.008974125608801842,-0.008045557886362076,-0.007116992026567459,-0.006188424304127693,-0.0052598584443330765,-0.0043312907218933105,-0.003402724862098694,-0.002474157139658928,-0.0015455912798643112,-0.0006170235574245453,0.0003115423023700714,0.0012401081621646881,0.002168675884604454,0.0030972417443990707,0.004025809466838837,0.004954375326633453,0.005882943049073219,0.006811508908867836,0.007740076631307602,0.008668642491102219,0.009597210213541985,0.010525776073336601,0.011454343795776367,0.012382909655570984,0.01331147737801075,0.014240043237805367,0.015168610028922558,0.01609717682003975,0.017025742679834366,0.017954310402274132,0.018882878124713898,0.019811443984508514,0.02074000984430313,0.021668577566742897,0.022597143426537514,0.02352571114897728,0.024454277008771896,0.025382844731211662,0.02631141059100628,0.027239978313446045,0.02816854417324066,0.029097111895680428,0.030025677755475044],"_type":"histogram"},"parameters/graph_3layer2.0.bias":{"bins":[-0.10292276740074158,-0.10093481838703156,-0.09894687682390213,-0.09695892781019211,-0.09497098624706268,-0.09298303723335266,-0.09099508821964264,-0.08900714665651321,-0.08701919764280319,-0.08503125607967377,-0.08304330706596375,-0.08105535805225372,-0.0790674164891243,-0.07707946747541428,-0.07509152591228485,-0.07310357689857483,-0.07111562788486481,-0.06912768632173538,-0.06713974475860596,-0.06515179574489594,-0.06316384673118591,-0.06117590144276619,-0.059187956154346466,-0.05720001086592674,-0.05521206557750702,-0.053224116563797,-0.051236171275377274,-0.04924822598695755,-0.04726028069853783,-0.0452723354101181,-0.04328438639640808,-0.04129644110798836,-0.039308495819568634,-0.03732054680585861,-0.03533260524272919,-0.033344656229019165,-0.03135670721530914,-0.02936876378953457,-0.027380818501114845,-0.025392873212695122,-0.0234049241989851,-0.021416978910565376,-0.019429033622145653,-0.01744108833372593,-0.015453143045306206,-0.013465197756886482,-0.01147724874317646,-0.009489303454756737,-0.007501358166337013,-0.00551341287791729,-0.003525465726852417,-0.0015375204384326935,0.00045042671263217926,0.0024383720010519028,0.004426317289471626,0.006414264440536499,0.008402209728956223,0.01039015594869852,0.012378102168440819,0.014366047456860542,0.016353994607925415,0.01834193989634514,0.020329885184764862,0.022317832335829735,0.02430577762424946],"_type":"histogram","values":[1,0,0,0,0,0,0,0,0,0,0,0,0,0,0,0,0,0,1,0,1,0,0,1,2,0,0,2,1,1,0,2,0,1,1,2,3,3,4,3,2,1,1,0,2,4,4,3,0,3,1,1,2,3,2,1,0,1,2,0,0,0,0,2]},"parameters/graph_3fc.weight":{"values":[1,0,1,0,1,0,0,0,0,0,1,0,3,0,2,1,5,10,5,10,6,13,11,15,18,26,49,52,54,84,96,158,192,310,391,554,897,2116,3908,4834,4428,5092,3899,1825,776,486,297,209,159,103,77,58,34,32,14,11,9,13,6,5,1,1,0,1],