{"val_f1":0.9845429105918713,"test_precision":0.9861066029774509,"test_accuracy":0.986,"_wandb":{"runtime":320},"gradients/fc.weight":{"_type":"histogram","values":[1,0,0,0,1,1,0,0,1,2,0,1,3,3,4,4,9,6,5,12,9,8,16,12,11,13,31,40,37,57,122,1119,13770,114,54,31,34,25,17,10,15,18,5,11,8,11,3,7,1,2,4,1,0,1,4,0,1,3,0,1,0,0,0,1],"bins":[-0.02973754145205021,-0.028809042647480965,-0.02788054198026657,-0.026952043175697327,-0.026023544371128082,-0.025095045566558838,-0.024166544899344444,-0.0232380460947752,-0.022309545427560806,-0.021381046622991562,-0.020452547818422318,-0.019524049013853073,-0.01859554834663868,-0.017667049542069435,-0.01673854887485504,-0.015810050070285797,-0.014881551265716553,-0.013953052461147308,-0.013024551793932915,-0.01209605298936367,-0.011167554184794426,-0.010239053517580032,-0.009310554713010788,-0.008382055908441544,-0.00745355524122715,-0.006525056436657906,-0.005596557632088661,-0.004668058827519417,-0.003739558160305023,-0.002811059355735779,-0.0018825605511665344,-0.0009540598839521408,-2.5561079382896423e-05,0.000902937725186348,0.0018314383924007416,0.002759937196969986,0.0036884360015392303,0.004616936668753624,0.005545435473322868,0.006473934277892113,0.007402433082461357,0.00833093374967575,0.009259432554244995,0.01018793135881424,0.011116432026028633,0.012044930830597878,0.012973429635167122,0.013901930302381516,0.01483042910695076,0.015758927911520004,0.01668742671608925,0.017615927383303642,0.018544426187872887,0.01947292685508728,0.020401425659656525,0.02132992446422577,0.022258423268795013,0.023186923936009407,0.02411542274057865,0.025043923407793045,0.02597242221236229,0.026900921016931534,0.027829419821500778,0.028757920488715172,0.029686419293284416]},"train_accuracy":0.991656662665066,"best_val_accuracy":0.9845309381237525,"_step":249900,"batch_loss":0.006403992883861065,"epoch":4,"train_precision":0.9917435878587302,"parameters/layer2.0.weight":{"bins":[-0.9969015717506409,-0.9705007672309875,-0.9440999627113342,-0.9176991581916809,-0.8912982940673828,-0.8648974895477295,-0.8384966850280762,-0.8120958805084229,-0.7856950759887695,-0.7592942714691162,-0.7328934669494629,-0.7064926624298096,-0.6800918579101562,-0.6536910533905029,-0.6272901892662048,-0.6008893847465515,-0.5744885802268982,-0.5480877757072449,-0.5216869711875916,-0.49528616666793823,-0.4688853621482849,-0.4424844980239868,-0.4160836935043335,-0.3896828889846802,-0.36328208446502686,-0.33688127994537354,-0.3104804754257202,-0.2840796709060669,-0.2576788067817688,-0.23127800226211548,-0.20487719774246216,-0.17847639322280884,-0.15207558870315552,-0.1256747841835022,-0.09927397966384888,-0.07287317514419556,-0.046472370624542236,-0.02007150650024414,0.00632929801940918,0.0327301025390625,0.05913090705871582,0.08553171157836914,0.11193251609802246,0.13833332061767578,0.16473418474197388,0.1911349892616272,0.21753579378128052,0.24393659830093384,0.27033740282058716,0.2967382073402405,0.3231390118598938,0.3495398461818695,0.3759406507015228,0.40234145522117615,0.42874228954315186,0.4551430940628052,0.4815438985824585,0.5079447031021118,0.5343455076217651,0.5607463121414185,0.5871471166610718,0.6135479807853699,0.6399487853050232,0.6663495898246765,0.6927503943443298],"_type":"histogram","values":[3,1,0,0,1,3,2,2,2,4,4,5,4,13,15,24,15,29,57,41,67,72,110,99,143,175,240,256,328,382,444,616,663,794,842,1005,959,899,863,710,620,501,435,349,242,204,146,125,79,72,41,27,20,11,8,10,9,3,1,0,1,2,0,2]},"parameters/fc.weight":{"values":[1,0,1,0,1,0,0,0,0,1,0,0,0,1,1,0,1,1,0,0,3,3,3,8,3,8,11,14,15,22,38,41,45,69,119,132,163,211,319,413,554,791,1149,1536,1978,1936,1827,1310,980,680,430,283,189,122,93,54,40,33,17,9,10,5,1,5],"bins":[-1.4575552940368652,-1.4254807233810425,-1.3934060335159302,-1.3613314628601074,-1.3292567729949951,-1.2971822023391724,-1.2651076316833496,-1.2330329418182373,-1.2009583711624146,-1.1688838005065918,-1.1368091106414795,-1.1047345399856567,-1.072659969329834,-1.0405852794647217,-1.008510708808899,-0.9764360785484314,-0.9443614482879639,-0.9122868180274963,-0.8802121877670288,-0.848137617111206,-0.8160629868507385,-0.783988356590271,-0.7519137859344482,-0.7198391556739807,-0.6877645254135132,-0.6556898951530457,-0.6236152648925781,-0.5915406942367554,-0.5594660639762878,-0.5273914337158203,-0.49531686305999756,-0.46324223279953003,-0.4311675429344177,-0.3990929126739502,-0.36701828241348267,-0.3349437117576599,-0.3028690814971924,-0.27079445123672485,-0.2387198805809021,-0.20664525032043457,-0.17457062005996704,-0.1424959897994995,-0.11042135953903198,-0.07834678888320923,-0.0462721586227417,-0.01419752836227417,0.017877042293548584,0.04995167255401611,0.08202630281448364,0.11410093307495117,0.1461755335330963,0.17825013399124146,0.21032476425170898,0.2423993945121765,0.27447399497032166,0.3065485954284668,0.3386232256889343,0.37069785594940186,0.402772456407547,0.43484705686569214,0.46692168712615967,0.4989963173866272,0.5310709476470947,0.5631455183029175,0.595220148563385],"_type":"histogram"},"test_recall":0.986,"parameters/layer2.0.bias":{"bins":[-0.34305495023727417,-0.33759087324142456,-0.33212679624557495,-0.32666274905204773,-0.3211986720561981,-0.3157345950603485,-0.3102705180644989,-0.3048064708709717,-0.29934239387512207,-0.29387831687927246,-0.28841423988342285,-0.28295016288757324,-0.27748608589172363,-0.2720220386981964,-0.2665579617023468,-0.2610938847064972,-0.25562983751296997,-0.25016576051712036,-0.24470168352127075,-0.23923760652542114,-0.23377354443073273,-0.22830946743488312,-0.2228454053401947,-0.2173813283443451,-0.21191725134849548,-0.20645318925380707,-0.20098911225795746,-0.19552505016326904,-0.19006097316741943,-0.18459691107273102,-0.1791328340768814,-0.173668771982193,-0.16820469498634338,-0.16274061799049377,-0.15727655589580536,-0.15181247889995575,-0.14634841680526733,-0.14088433980941772,-0.1354202777147293,-0.1299562007188797,-0.12449213117361069,-0.11902805417776108,-0.11356398463249207,-0.10809991508722305,-0.10263583809137344,-0.09717176854610443,-0.09170769900083542,-0.0862436294555664,-0.0807795599102974,-0.07531549036502838,-0.06985142081975937,-0.06438735127449036,-0.05892328545451164,-0.05345921218395233,-0.04799513891339302,-0.04253106936812401,-0.037066999822854996,-0.03160293027758598,-0.02613885886967182,-0.02067478559911251,-0.015210716053843498,-0.009746646508574486,-0.004282575566321611,0.0011814949102699757,0.006645565386861563],"_type":"histogram","values":[1,0,0,0,0,0,0,0,0,1,0,0,0,0,0,0,0,0,0,1,0,0,0,1,0,0,0,2,0,1,0,0,0,3,1,1,1,0,0,2,0,1,1,2,1,2,0,0,2,1,0,0,2,1,1,0,1,0,0,0,1,0,0,1]},"train_f1":0.9916530359494894,"gradients/fc.bias":{"values":[1,0,0,0,0,0,0,0,0,0,0,0,0,0,0,0,0,0,1,0,0,0,0,0,0,0,0,0,1,2,4,0,0,0,0,0,0,0,0,0,0,0,0,0,0,0,0,0,0,0,0,0,0,0,0,0,0,0,0,0,0,0,0,1],