{"gradients/fc.weight":{"values":[1,1,1,2,0,0,0,2,2,0,1,0,4,3,1,2,2,5,5,7,6,5,10,17,15,13,12,31,24,38,41,51,67,82,151,284,29614,266,143,83,66,52,36,34,29,23,23,15,8,21,16,10,7,4,4,4,2,3,4,2,1,1,2,1],"bins":[-0.03797781467437744,-0.03693582862615585,-0.03589383885264397,-0.03485184907913208,-0.03380986303091049,-0.032767876982688904,-0.03172588720917702,-0.03068389929831028,-0.029641911387443542,-0.028599923476576805,-0.027557935565710068,-0.02651594765484333,-0.025473959743976593,-0.024431971833109856,-0.02338998392224312,-0.02234799601137638,-0.021306008100509644,-0.020264020189642906,-0.01922203227877617,-0.01818004436790943,-0.017138056457042694,-0.016096068546175957,-0.01505408063530922,-0.014012092724442482,-0.012970104813575745,-0.011928116902709007,-0.01088612899184227,-0.009844141080975533,-0.008802153170108795,-0.007760165259242058,-0.0067181773483753204,-0.005676187574863434,-0.0046341996639966965,-0.0035922136157751083,-0.0025502238422632217,-0.0015082359313964844,-0.000466248020529747,0.0005757398903369904,0.0016177278012037277,0.002659715712070465,0.0037017036229372025,0.00474369153380394,0.005785679444670677,0.0068276673555374146,0.007869655266404152,0.00891164317727089,0.009953631088137627,0.010995618999004364,0.012037606909871101,0.013079594820737839,0.014121582731604576,0.015163570642471313,0.01620555855333805,0.017247546464204788,0.018289534375071526,0.019331522285938263,0.020373510196805,0.021415498107671738,0.022457486018538475,0.023499473929405212,0.02454146184027195,0.025583449751138687,0.026625437662005424,0.027667425572872162,0.0287094134837389],"_type":"histogram"},"val_recall":0.9870259481037924,"parameters/layer1.0.weight":{"_type":"histogram","values":[1,0,0,0,1,0,0,0,0,0,0,0,1,0,1,2,4,2,3,6,4,5,8,6,8,10,7,10,14,21,17,20,19,26,35,27,27,31,27,30,26,27,21,32,26,40,33,28,27,33,27,26,19,17,8,10,8,6,2,2,2,4,1,2],"bins":[-0.886385977268219,-0.865354597568512,-0.8443232178688049,-0.8232917785644531,-0.8022603988647461,-0.7812290191650391,-0.760197639465332,-0.739166259765625,-0.718134880065918,-0.6971035003662109,-0.6760721206665039,-0.6550406813621521,-0.6340093016624451,-0.612977921962738,-0.591946542263031,-0.5709151029586792,-0.5498837232589722,-0.5288523435592651,-0.5078209638595581,-0.4867895841598511,-0.46575820446014404,-0.4447267949581146,-0.4236954152584076,-0.40266403555870056,-0.38163262605667114,-0.3606012463569641,-0.3395698666572571,-0.31853848695755005,-0.297507107257843,-0.2764756679534912,-0.2554442882537842,-0.23441290855407715,-0.2133815586566925,-0.19235017895698547,-0.17131879925727844,-0.1502874195575714,-0.1292559802532196,-0.10822460055351257,-0.08719322085380554,-0.06616184115409851,-0.04513046145439148,-0.02409905195236206,-0.0030676722526550293,0.017963707447052002,0.03899511694908142,0.06002649664878845,0.08105787634849548,0.1020892858505249,0.12312066555023193,0.14415204524993896,0.16518345475196838,0.18621483445167542,0.20724621415138245,0.22827760875225067,0.2493090033531189,0.2703403830528259,0.29137176275253296,0.3124031722545624,0.3334345519542694,0.35446596145629883,0.37549734115600586,0.3965287208557129,0.4175601005554199,0.43859151005744934,0.45962288975715637]},"gradients/layer1.0.weight":{"_type":"histogram","values":[2,0,0,1,1,1,1,3,5,6,15,12,9,6,15,16,11,19,22,25,27,31,51,90,126,68,53,44,36,28,7,14,5,6,7,3,7,3,3,2,2,3,2,1,0,0,0,0,0,1,0,0,1,2,0,0,0,2,1,1,2,0,0,1],"bins":[-0.019025105983018875,-0.018233133479952812,-0.01744116097688675,-0.016649188473820686,-0.015857215970754623,-0.01506524346768856,-0.014273271895945072,-0.01348129939287901,-0.012689326889812946,-0.011897354386746883,-0.01110538188368082,-0.010313409380614758,-0.00952143780887127,-0.008729465305805206,-0.007937492802739143,-0.0071455202996730804,-0.0063535477966070175,-0.005561575293540955,-0.004769602790474892,-0.003977630287408829,-0.003185657784342766,-0.002393685281276703,-0.00160171277821064,-0.000809740275144577,-1.776963472366333e-05,0.0007742028683423996,0.0015661753714084625,0.0023581478744745255,0.0031501203775405884,0.003942092880606651,0.004734065383672714,0.005526037886738777,0.00631801038980484,0.007109982892870903,0.007901955395936966,0.008693927899003029,0.009485900402069092,0.010277872905135155,0.011069845408201218,0.01186181791126728,0.012653790414333344,0.013445761054754257,0.01423773355782032,0.015029706060886383,0.015821678563952446,0.01661365106701851,0.017405623570084572,0.018197596073150635,0.018989568576216698,0.01978154107928276,0.020573513582348824,0.021365486085414886,0.02215745858848095,0.022949431091547012,0.023741401731967926,0.024533376097679138,0.025325346738100052,0.026117321103811264,0.026909291744232178,0.02770126424729824,0.028493236750364304,0.029285209253430367,0.03007718175649643,0.030869154259562492,0.031661126762628555]},"parameters/fc.weight":{"values":[2,0,0,2,2,4,2,0,4,2,4,6,6,5,10,13,8,20,18,19,26,44,48,48,58,86,91,96,121,154,179,305,1120,3208,3403,1765,1622,3546,6052,5569,2473,338,193,140,137,90,76,57,48,37,24,17,19,11,10,4,2,3,7,3,1,1,0,1],"bins":[-0.6599238514900208,-0.6418464183807373,-0.6237690448760986,-0.6056916117668152,-0.5876141786575317,-0.5695368051528931,-0.5514593720436096,-0.5333819389343262,-0.5153045654296875,-0.49722716212272644,-0.4791497588157654,-0.46107232570648193,-0.4429949223995209,-0.4249175190925598,-0.40684008598327637,-0.3887626826763153,-0.37068527936935425,-0.3526078760623932,-0.33453047275543213,-0.3164530396461487,-0.2983756363391876,-0.28029823303222656,-0.2622207999229431,-0.24414339661598206,-0.226065993309021,-0.20798859000205994,-0.18991118669509888,-0.17183375358581543,-0.15375632047653198,-0.1356789469718933,-0.11760151386260986,-0.09952414035797119,-0.08144676685333252,-0.06336933374404907,-0.0452919602394104,-0.027214527130126953,-0.009137153625488281,0.008940279483795166,0.027017712593078613,0.04509511590003967,0.06317251920700073,0.08124992251396179,0.09932732582092285,0.1174047589302063,0.13548216223716736,0.15355956554412842,0.17163699865341187,0.18971440196037292,0.20779180526733398,0.22586920857429504,0.2439466118812561,0.26202404499053955,0.2801014482975006,0.29817885160446167,0.3162562847137451,0.3343336880207062,0.35241109132766724,0.3704884946346283,0.38856589794158936,0.4066433310508728,0.42472073435783386,0.4427981376647949,0.46087557077407837,0.47895297408103943,0.4970303773880005],"_type":"histogram"},"test_accuracy":0.9875,"val_accuracy":0.9870259481037924,"train_recall":0.9910564225690276,"parameters/layer2.0.weight":{"bins":[-0.9310486316680908,-0.906623899936676,-0.8821991682052612,-0.8577744364738464,-0.8333497047424316,-0.8089249730110168,-0.784500241279602,-0.7600755095481873,-0.7356507778167725,-0.7112260460853577,-0.6868013143539429,-0.6623765826225281,-0.6379518508911133,-0.6135271191596985,-0.5891023874282837,-0.5646776556968689,-0.5402529239654541,-0.5158281922340393,-0.4914034605026245,-0.4669787287712097,-0.4425539970397949,-0.4181292653083801,-0.39370453357696533,-0.36927980184555054,-0.34485507011413574,-0.32043033838272095,-0.29600560665130615,-0.27158087491989136,-0.24715614318847656,-0.22273141145706177,-0.19830667972564697,-0.17388194799423218,-0.14945727586746216,-0.12503254413604736,-0.10060781240463257,-0.07618308067321777,-0.05175834894180298,-0.027333617210388184,-0.0029088854789733887,0.021515846252441406,0.0459405779838562,0.070365309715271,0.09479004144668579,0.11921477317810059,0.14363950490951538,0.16806423664093018,0.19248896837234497,0.21691370010375977,0.24133843183517456,0.26576316356658936,0.29018789529800415,0.31461262702941895,0.33903735876083374,0.36346209049224854,0.38788682222366333,0.4123115539550781,0.4367362856864929,0.4611610174179077,0.4855857491493225,0.5100104808807373,0.5344352126121521,0.5588599443435669,0.5832846760749817,0.6077094078063965,0.6321341395378113],"_type":"histogram",