{"parameters/fc.bias":{"_type":"histogram","values":[1,0,0,0,0,0,0,0,0,0,0,0,0,0,1,0,1,0,0,0,0,0,0,1,0,0,0,0,0,0,0,0,0,0,0,0,0,0,0,1,0,0,0,1,1,0,0,0,1,0,0,0,0,0,0,0,0,0,0,0,1,0,0,1],"bins":[-0.06400509178638458,-0.062470488250255585,-0.06093588471412659,-0.05940127745270729,-0.05786667391657829,-0.056332070380449295,-0.0547974668443203,-0.053262859582901,-0.051728256046772,-0.050193652510643005,-0.04865904897451401,-0.04712444543838501,-0.04558984190225601,-0.044055234640836716,-0.04252063110470772,-0.04098602384328842,-0.039451420307159424,-0.037916816771030426,-0.03638221323490143,-0.03484760969877243,-0.03331300616264343,-0.031778398901224136,-0.03024379536509514,-0.02870919182896614,-0.027174588292837143,-0.025639984756708145,-0.02410537749528885,-0.02257077395915985,-0.021036170423030853,-0.019501566886901855,-0.01796695962548256,-0.01643235608935356,-0.014897752553224564,-0.013363149017095566,-0.011828545480966568,-0.010293938219547272,-0.008759334683418274,-0.007224731147289276,-0.005690127611160278,-0.004155520349740982,-0.0026209168136119843,-0.0010863132774829865,0.00044829025864601135,0.001982893794775009,0.003517499193549156,0.005052104592323303,0.006586708128452301,0.008121313527226448,0.009655917063355446,0.011190520599484444,0.01272512599825859,0.014259729534387589,0.015794334933161736,0.017328938469290733,0.01886354386806488,0.020398147404193878,0.021932750940322876,0.023467356339097023,0.02500196173787117,0.026536565274000168,0.028071168810129166,0.029605774208903313,0.03114037774503231,0.03267498314380646,0.034209586679935455]},"_runtime":54,"gradients/layer1.0.bias":{"_type":"histogram","values":[1,0,0,0,1,0,0,0,0,0,1,0,0,0,0,1,1,0,0,1,0,0,1,2,0,0,1,1,0,0,0,0,1,1,0,0,1,0,0,1,0,0,0,0,0,0,0,0,0,0,0,0,0,0,0,0,0,0,0,0,0,0,0,1],"bins":[-0.03482302650809288,-0.0333075150847435,-0.03179200366139412,-0.030276494100689888,-0.028760982677340508,-0.027245471253991127,-0.025729961693286896,-0.024214450269937515,-0.022698938846588135,-0.021183427423238754,-0.019667915999889374,-0.018152406439185143,-0.016636895015835762,-0.015121383592486382,-0.01360587403178215,-0.01209036260843277,-0.01057485118508339,-0.009059339761734009,-0.007543828338384628,-0.006028318777680397,-0.0045128073543310165,-0.0029972977936267853,-0.0014817863702774048,3.372505307197571e-05,0.0015492364764213562,0.0030647478997707367,0.004580259323120117,0.006095770746469498,0.00761127844452858,0.00912678986787796,0.01064230129122734,0.012157812714576721,0.013673324137926102,0.015188835561275482,0.016704346984624863,0.018219858407974243,0.019735369831323624,0.021250877529382706,0.022766388952732086,0.024281900376081467,0.025797411799430847,0.027312923222780228,0.028828434646129608,0.03034394606947899,0.03185945749282837,0.03337496519088745,0.03489047661423683,0.03640598803758621,0.03792149946093559,0.03943701088428497,0.040952522307634354,0.042468033730983734,0.043983541429042816,0.045499056577682495,0.04701456427574158,0.04853007569909096,0.05004558712244034,0.05156109854578972,0.0530766099691391,0.05459212139248848,0.05610763281583786,0.05762314051389694,0.05913865193724632,0.0606541633605957,0.062169674783945084]},"parameters/layer2.0.bias":{"_type":"histogram","values":[1,0,0,0,0,0,0,0,0,0,0,0,0,0,0,0,0,0,1,1,2,3,1,0,0,1,1,1,1,1,0,3,1,3,1,0,0,0,1,0,0,0,1,2,0,0,1,0,1,2,1,0,0,0,0,0,0,0,0,0,0,0,0,1],"bins":[-0.14173372089862823,-0.13845813274383545,-0.13518252968788147,-0.13190694153308868,-0.1286313533782959,-0.12535575032234192,-0.12208016216754913,-0.11880457401275635,-0.11552897840738297,-0.11225338280200958,-0.1089777946472168,-0.10570219904184341,-0.10242660343647003,-0.09915101528167725,-0.09587541967630386,-0.09259982407093048,-0.0893242359161377,-0.08604864031076431,-0.08277304470539093,-0.07949745655059814,-0.07622186094522476,-0.07294626533985138,-0.0696706771850586,-0.06639508157968521,-0.06311948597431183,-0.05984389781951904,-0.05656830221414566,-0.05329270660877228,-0.05001711845397949,-0.04674152284860611,-0.04346592724323273,-0.04019033908843994,-0.03691474348306656,-0.033639147877693176,-0.03036355972290039,-0.027087964117527008,-0.023812368512153625,-0.02053678035736084,-0.017261184751987457,-0.013985589146614075,-0.010710000991821289,-0.0074344053864479065,-0.004158809781074524,-0.0008832216262817383,0.0023923739790916443,0.005667965859174728,0.008943557739257812,0.012219153344631195,0.01549474522471428,0.018770337104797363,0.022045932710170746,0.02532152459025383,0.028597116470336914,0.0318727120757103,0.03514830395579338,0.038423895835876465,0.04169949144124985,0.04497508332133293,0.048250675201416016,0.0515262708067894,0.05480186268687248,0.058077454566955566,0.06135304644703865,0.06462863832712173,0.06790423393249512]},"gradients/layer2.0.bias":{"bins":[-0.0194357018917799,-0.018922101706266403,-0.018408501520752907,-0.01789490133523941,-0.017381299287080765,-0.01686769910156727,-0.016354098916053772,-0.015840498730540276,-0.01532689854502678,-0.014813298359513283,-0.014299698173999786,-0.013786097057163715,-0.013272496871650219,-0.012758896686136723,-0.012245295569300652,-0.011731695383787155,-0.011218095198273659,-0.010704495012760162,-0.010190894827246666,-0.009677293710410595,-0.009163693524897099,-0.008650093339383602,-0.008136492222547531,-0.007622892037034035,-0.007109291851520538,-0.006595691666007042,-0.0060820914804935455,-0.0055684903636574745,-0.005054890178143978,-0.004541289992630482,-0.004027688875794411,-0.0035140886902809143,-0.0030004866421222687,-0.0024868864566087723,-0.001973286271095276,-0.0014596851542592049,-0.0009460849687457085,-0.00043248478323221207,8.111633360385895e-05,0.0005947165191173553,0.0011083167046308517,0.0016219168901443481,0.0021355170756578445,0.0026491181924939156,0.003162718378007412,0.0036763185635209084,0.004189919680356979,0.004703519865870476,0.005217120051383972,0.005730720236897469,0.006244320888072252,0.006757921539247036,0.007271521724760532,0.007785121910274029,0.0082987230271101,0.008812323212623596,0.009325923398137093,0.009839523583650589,0.010353123769164085,0.010866724886000156,0.011380325071513653,0.01189392525702715,0.01240752637386322,0.012921126559376717,0.013434726744890213],"_type":"histogram","values":[1,0,0,0,0,0,0,0,0,0,0,1,0,0,0,0,0,1,0,0,1,0,0,1,0,2,0,0,2,0,0,2,1,1,1,1,0,2,1,0,0,2,1,3,0,1,0,2,0,0,0,0,0,0,1,1,0,1,0,1,0,0,0,1]},"test_accuracy":0.9785,"gradients/layer1.0.weight":{"values":[2,4,0,2,3,1,0,5,3,3,10,5,6,10,10,6,7,14,12,16,15,15,23,27,34,18,15,10,18,9,6,8,12,8,4,12,3,8,4,6,4,3,2,1,3,2,0,1,2,0,0,1,1,0,2,1,0,0,0,0,1,0,1,1],"bins":[-0.031235435977578163,-0.02997700497508049,-0.028718575835227966,-0.027460144832730293,-0.02620171383023262,-0.024943284690380096,-0.023684853687882423,-0.02242642268538475,-0.021167993545532227,-0.019909562543034554,-0.01865113154053688,-0.017392702400684357,-0.016134271398186684,-0.01487584039568901,-0.013617409393191338,-0.012358980253338814,-0.01110054925084114,-0.009842118248343468,-0.008583689108490944,-0.007325258105993271,-0.006066827103495598,-0.004808397963643074,-0.003549966961145401,-0.002291535958647728,-0.0010331068187952042,0.0002253260463476181,0.001483755186200142,0.0027421843260526657,0.004000617191195488,0.005259046331048012,0.006517475470900536,0.007775908336043358,0.009034339338541031,0.010292768478393555,0.011551201343536377,0.0128096304833889,0.014068059623241425,0.015326492488384247,0.01658492162823677,0.017843350768089294,0.019101783633232117,0.02036021277308464,0.021618643775582314,0.022877074778079987,0.02413550391793251,0.025393934920430183,0.026652365922927856,0.02791079506278038,0.029169226065278053,0.030427657067775726,0.03168608620762825,0.032944515347480774,0.034202948212623596,0.03546137735247612,0.036719806492328644,0.037978239357471466,0.03923666849732399,0.040495097637176514,0.041753530502319336,0.04301195964217186,0.04427039250731468,0.045528821647167206,0.04678725078701973,0.04804568365216255,0.049304112792015076],"_type":"histogram"},"_step":57344,"parameters/fc.weight":{"_type":"histogram",