{"train_recall":0.9828131252501,"train_precision":0.9829682806325561,"gradients/layer2.0.weight":{"values":[1,0,0,2,1,4,8,10,9,13,19,21,24,28,34,44,45,65,84,107,133,211,233,285,449,682,1062,4132,1395,1005,770,469,383,239,149,129,109,102,57,61,37,22,27,28,19,16,13,12,5,11,7,4,6,4,4,4,1,1,2,1,1,0,0,1],"bins":[-0.014323017559945583,-0.013808397576212883,-0.013293777592480183,-0.012779157608747482,-0.012264537625014782,-0.011749917641282082,-0.011235298588871956,-0.010720677673816681,-0.010206058621406555,-0.00969143770635128,-0.009176818653941154,-0.00866219773888588,-0.008147578686475754,-0.0076329587027430534,-0.007118338719010353,-0.006603718735277653,-0.006089098751544952,-0.005574478767812252,-0.005059858784079552,-0.004545238800346851,-0.004030618816614151,-0.0035159988328814507,-0.0030013788491487503,-0.00248675886541605,-0.0019721398130059242,-0.0014575198292732239,-0.0009428998455405235,-0.0004282798618078232,8.634012192487717e-05,0.0006009601056575775,0.0011155800893902779,0.0016302010044455528,0.002144820988178253,0.002659440040588379,0.003174060955643654,0.0036886809393763542,0.0042033009231090546,0.004717920906841755,0.005232540890574455,0.005747160874307156,0.006261780858039856,0.006776399910449982,0.007291019894182682,0.007805639877915382,0.008320259861648083,0.008834879845380783,0.009349499829113483,0.009864119812846184,0.010378739796578884,0.010893359780311584,0.011407979764044285,0.011922599747776985,0.012437219731509686,0.012951839715242386,0.013466458767652512,0.013981079682707787,0.014495698735117912,0.015010319650173187,0.015524938702583313,0.016039559617638588,0.016554178670048714,0.01706879958510399,0.017583418637514114,0.01809803955256939,0.018612658604979515],"_type":"histogram"},"parameters/layer2.0.bias":{"values":[1,0,0,0,0,0,0,0,0,0,0,0,0,0,0,0,2,0,0,0,0,0,0,0,2,1,1,0,0,3,2,2,1,0,0,0,1,0,1,1,1,1,1,0,0,0,0,4,0,0,0,2,1,2,0,0,0,1,0,0,0,0,0,1],"bins":[-0.1181153878569603,-0.11575251817703247,-0.11338964104652405,-0.11102677136659622,-0.1086639016866684,-0.10630103200674057,-0.10393816232681274,-0.10157528519630432,-0.0992124155163765,-0.09684954583644867,-0.09448666870594025,-0.09212379902601242,-0.0897609293460846,-0.08739805966615677,-0.08503518998622894,-0.08267231285572052,-0.0803094431757927,-0.07794657349586487,-0.07558369636535645,-0.07322082668542862,-0.0708579570055008,-0.06849508732557297,-0.06613221764564514,-0.06376934051513672,-0.06140647083520889,-0.05904360115528107,-0.05668072775006294,-0.05431785434484482,-0.05195498466491699,-0.049592114984989166,-0.04722923785448074,-0.04486636817455292,-0.04250350221991539,-0.040140632539987564,-0.03777776286005974,-0.035414885729551315,-0.03305201604962349,-0.030689146369695663,-0.02832627296447754,-0.025963399559259415,-0.02360052987933159,-0.021237660199403763,-0.01887478679418564,-0.016511913388967514,-0.014149043709039688,-0.011786174029111862,-0.009423300623893738,-0.007060427218675613,-0.0046975575387477875,-0.0023346878588199615,2.8185546398162842e-05,0.002391057088971138,0.004753928631544113,0.007116800174117088,0.009479671716690063,0.011842543259263039,0.014205414801836014,0.01656828634440899,0.018931157886981964,0.02129402942955494,0.023656900972127914,0.02601977251470089,0.028382644057273865,0.03074551559984684,0.033108387142419815],"_type":"histogram"},"train_f1":0.9828275929310412,"_wandb":{"runtime":81},"parameters/layer2.0.weight":{"_type":"histogram","values":[1,0,1,2,1,3,1,5,1,2,4,7,7,13,18,34,35,36,64,74,92,100,142,184,229,235,263,357,458,612,801,816,880,848,905,862,826,681,625,464,421,377,296,233,208,146,116,96,65,35,35,17,21,14,9,5,6,1,2,3,2,0,1,2],"bins":[-0.4495987594127655,-0.4370069205760956,-0.42441508173942566,-0.41182324290275574,-0.3992314040660858,-0.3866395652294159,-0.37404772639274597,-0.36145588755607605,-0.34886404871940613,-0.3362722098827362,-0.32368040084838867,-0.31108856201171875,-0.29849672317504883,-0.2859048843383789,-0.273313045501709,-0.26072120666503906,-0.24812935292720795,-0.23553751409053802,-0.2229456752538681,-0.21035383641719818,-0.19776201248168945,-0.18517017364501953,-0.1725783348083496,-0.1599864959716797,-0.14739465713500977,-0.13480281829833984,-0.12221097946166992,-0.109619140625,-0.09702730178833008,-0.08443546295166016,-0.07184362411499023,-0.05925178527832031,-0.04665994644165039,-0.03406810760498047,-0.021476268768310547,-0.008884429931640625,0.003707408905029297,0.01629924774169922,0.02889108657836914,0.04148292541503906,0.054074764251708984,0.0666666030883789,0.07925844192504883,0.09185028076171875,0.10444211959838867,0.1170339435338974,0.12962578237056732,0.14221762120723724,0.15480946004390717,0.1674012988805771,0.179993137717247,0.19258497655391693,0.20517681539058685,0.21776865422725677,0.2303604930639267,0.24295231699943542,0.25554415583610535,0.26813599467277527,0.2807278335094452,0.2933196723461151,0.30591151118278503,0.31850335001945496,0.3310951888561249,0.3436870276927948,0.3562788665294647]},"val_accuracy":0.9815369261477046,"_timestamp":1.7673176474028058e+09,"val_f1":0.9815420887764873,"gradients/fc.bias":{"values":[1,0,0,0,0,0,0,0,0,0,0,0,0,0,0,0,0,0,0,0,0,0,0,0,0,0,0,0,1,0,1,0,0,0,1,1,0,0,0,0,1,0,0,0,0,1,0,0,0,1,0,0,0,1,0,0,0,0,0,0,0,0,0,1],"bins":[-0.019912879914045334,-0.019391892477869987,-0.01887090690433979,-0.018349919468164444,-0.017828933894634247,-0.0173079464584589,-0.016786959022283554,-0.016265973448753357,-0.01574498601257801,-0.015223999507725239,-0.014703013002872467,-0.01418202556669712,-0.013661039061844349,-0.013140052556991577,-0.01261906512081623,-0.012098078615963459,-0.011577092111110687,-0.011056105606257915,-0.010535119101405144,-0.010014131665229797,-0.009493145160377026,-0.008972158655524254,-0.008451171219348907,-0.007930184714496136,-0.007409198209643364,-0.006888211704790592,-0.0063672251999378204,-0.005846237763762474,-0.005325251258909702,-0.0048042647540569305,-0.004283277317881584,-0.003762291744351387,-0.0032413024455308914,-0.002720315009355545,-0.002199329435825348,-0.0016783419996500015,-0.0011573554947972298,-0.000636368989944458,-0.00011538155376911163,0.0004056049510836601,0.0009265914559364319,0.0014475779607892036,0.0019685644656419754,0.0024895519018173218,0.0030105384066700935,0.0035315249115228653,0.004052512347698212,0.004573498852550983,0.005094485357403755,0.005615471862256527,0.006136458832770586,0.006657445803284645,0.007178432308137417,0.007699418812990189,0.008220406249165535,0.008741392754018307,0.009262379258871078,0.00978336576372385,0.010304352268576622,0.010825339704751968,0.01134632620960474,0.011867312714457512,0.012388300150632858,0.01290928665548563,0.013430273160338402],"_type":"histogram"},"batch_loss":0.11363784968852997,"_runtime":81,"val_precision":0.98169052803171,"best_val_accuracy":0.9815369261477046,