{"val_f1":0.9886223209160359,"_runtime":347,"parameters/graph_3layer1.0.weight":{"_type":"histogram","values":[1,0,0,0,0,1,0,0,2,0,1,0,3,0,0,2,3,0,2,0,2,3,4,4,6,7,3,4,9,7,8,7,8,10,12,13,13,12,7,17,17,14,11,8,16,20,16,13,17,15,15,7,15,8,11,6,4,3,5,3,1,3,0,1],"bins":[-0.9916957020759583,-0.9687731266021729,-0.9458505511283875,-0.922927975654602,-0.9000054001808167,-0.8770828247070312,-0.8541602492332458,-0.8312376737594604,-0.808315098285675,-0.7853925228118896,-0.7624699473381042,-0.7395473718643188,-0.7166247367858887,-0.693702220916748,-0.6707795858383179,-0.6478570699691772,-0.6249344348907471,-0.6020119190216064,-0.5790892839431763,-0.5561667680740356,-0.5332441329956055,-0.5103216171264648,-0.48739898204803467,-0.46447640657424927,-0.44155383110046387,-0.41863125562667847,-0.39570868015289307,-0.37278610467910767,-0.34986352920532227,-0.32694095373153687,-0.30401837825775146,-0.28109580278396606,-0.25817325711250305,-0.23525068163871765,-0.21232810616493225,-0.18940553069114685,-0.16648295521736145,-0.14356037974357605,-0.12063780426979065,-0.09771522879600525,-0.07479265332221985,-0.05187007784843445,-0.028947502374649048,-0.00602489709854126,0.01689767837524414,0.03982025384902954,0.06274282932281494,0.08566540479660034,0.10858798027038574,0.13151055574417114,0.15443313121795654,0.17735570669174194,0.20027828216552734,0.22320085763931274,0.24612344801425934,0.26904600858688354,0.29196858406066895,0.31489115953445435,0.33781373500823975,0.36073634028434753,0.38365891575813293,0.40658149123191833,0.42950406670570374,0.45242664217948914,0.47534921765327454]},"_wandb":{"runtime":347},"train_precision":0.9937475595485291,"val_accuracy":0.988622754491018,"parameters/graph_3layer2.0.weight":{"_type":"histogram","values":[1,0,0,0,1,1,0,0,1,0,0,1,0,4,5,0,7,9,11,17,19,40,43,56,69,79,123,148,199,217,284,419,490,589,761,1032,1153,1566,2429,4005,3936,3395,1315,733,529,419,388,298,209,189,119,97,64,48,29,19,11,10,3,4,4,1,0,1],"bins":[-1.2193764448165894,-1.189738392829895,-1.1601002216339111,-1.1304621696472168,-1.100823998451233,-1.0711859464645386,-1.0415477752685547,-1.0119097232818604,-0.9822715520858765,-0.9526335000991821,-0.9229953289031982,-0.8933572769165039,-0.8637191653251648,-0.8340810537338257,-0.8044429421424866,-0.7748048305511475,-0.7451667189598083,-0.7155286073684692,-0.6858904957771301,-0.656252384185791,-0.6266142725944519,-0.5969761610031128,-0.5673380494117737,-0.5376999378204346,-0.5080618858337402,-0.4784237742424011,-0.448785662651062,-0.4191475510597229,-0.3895094394683838,-0.3598713278770447,-0.33023321628570557,-0.30059510469436646,-0.27095699310302734,-0.24131888151168823,-0.21168076992034912,-0.18204265832901,-0.1524045467376709,-0.12276643514633179,-0.09312832355499268,-0.06349021196365356,-0.03385210037231445,-0.004214048385620117,0.025424063205718994,0.055062174797058105,0.08470028638839722,0.11433839797973633,0.14397650957107544,0.17361462116241455,0.20325273275375366,0.23289084434509277,0.2625289559364319,0.292167067527771,0.3218051791191101,0.35144326090812683,0.38108137249946594,0.41071948409080505,0.44035759568214417,0.4699957072734833,0.4996338188648224,0.5292719006538391,0.5589100122451782,0.5885481238365173,0.6181862354278564,0.6478243470191956,0.6774624586105347]},"_step":149940,"test_f1":0.9889985080823113,"gradients/graph_3fc.bias":{"_type":"histogram","values":[1,0,0,0,0,0,0,0,1,0,0,0,0,0,0,0,0,0,0,0,0,0,0,0,0,0,0,0,0,0,0,0,0,0,0,0,0,0,0,0,1,2,1,1,0,0,0,0,0,0,0,0,0,0,0,1,0,0,0,0,0,1,0,1],"bins":[-0.0010117667261511087,-0.0009864072781056166,-0.0009610478882677853,-0.000935688498429954,-0.0009103290503844619,-0.0008849696605466306,-0.0008596102707087994,-0.0008342508226633072,-0.0008088914328254759,-0.0007835320429876447,-0.0007581725949421525,-0.0007328132051043212,-0.00070745381526649,-0.0006820943672209978,-0.0006567349773831666,-0.0006313755875453353,-0.0006060161394998431,-0.000580656691454351,-0.0005552973016165197,-0.0005299379117786884,-0.0005045784637331963,-0.000479219073895365,-0.00045385968405753374,-0.00042850023601204157,-0.0004031408461742103,-0.00037778145633637905,-0.0003524220082908869,-0.0003270626184530556,-0.00030170322861522436,-0.0002763437805697322,-0.00025098439073190093,-0.00022562494268640876,-0.00020026549464091659,-0.00017490610480308533,-0.00014954665675759315,-0.0001241872669197619,-9.882781887426972e-05,-7.346842903643847e-05,-4.8109039198607206e-05,-2.2749591153115034e-05,2.6097986847162247e-06,2.7969188522547483e-05,5.3328636568039656e-05,7.868802640587091e-05,0.00010404741624370217,0.00012940686428919435,0.0001547662541270256,0.00018012567306868732,0.00020548509201034904,0.00023084451095201075,0.00025620392989367247,0.0002815633197315037,0.00030692273867316544,0.00033228215761482716,0.0003576415474526584,0.00038300096639432013,0.00040836038533598185,0.00043371980427764356,0.0004590792232193053,0.00048443861305713654,0.0005097980611026287,0.00053515745094046,0.0005605168407782912,0.0005858762888237834,0.0006112356786616147]},"parameters/graph_3layer2.0.bias":{"bins":[-0.31479427218437195,-0.3098733425140381,-0.3049524128437042,-0.30003151297569275,-0.2951105833053589,-0.290189653635025,-0.28526872396469116,-0.2803478240966797,-0.2754268944263458,-0.27050596475601196,-0.2655850350856781,-0.26066410541534424,-0.25574320554733276,-0.2508222758769989,-0.24590134620666504,-0.24098041653633118,-0.2360595017671585,-0.23113858699798584,-0.22621765732765198,-0.22129672765731812,-0.21637581288814545,-0.21145488321781158,-0.20653396844863892,-0.20161303877830505,-0.1966921091079712,-0.19177119433879852,-0.18685026466846466,-0.181929349899292,-0.17700842022895813,-0.17208750545978546,-0.1671665757894516,-0.16224566102027893,-0.15732474625110626,-0.1524038165807724,-0.14748290181159973,-0.14256197214126587,-0.1376410573720932,-0.13272012770175934,-0.12779921293258667,-0.12287828326225281,-0.11795736104249954,-0.11303643882274628,-0.10811551660299301,-0.10319459438323975,-0.09827366471290588,-0.09335274249315262,-0.08843182027339935,-0.08351089805364609,-0.07858997583389282,-0.07366905361413956,-0.06874813139438629,-0.06382720917463303,-0.058906279504299164,-0.0539853572845459,-0.049064431339502335,-0.04414350911974907,-0.039222586899995804,-0.03430166468024254,-0.029380740597844124,-0.02445981651544571,-0.019538894295692444,-0.014617971144616604,-0.009697047993540764,-0.004776125308126211,0.00014479801757261157],"_type":"histogram","values":[2,0,0,0,0,0,1,0,0,0,0,0,0,0,0,1,1,1,0,0,1,0,2,1,2,1,0,0,1,3,2,0,0,0,1,0,1,1,1,3,3,1,2,0,1,1,1,2,0,3,2,1,0,2,2,1,0,0,2,3,0,2,5,4]},"parameters/graph_3fc.bias":{"values":[1,0,1,1,0,0,0,0,0,0,1,0,0,0,0,0,1,0,2,0,0,0,0,0,1,0,1,0,0,0,0,0,0,0,0,0,0,0,0,0,0,0,0,0,0,0,0,0,0,0,0,0,0,0,0,0,0,0,0,0,0,0,0,1],