{"val_recall":0.9865,"gradients/graph_2layer1.0.bias":{"bins":[-0.031142592430114746,-0.02925034798681736,-0.027358103543519974,-0.025465860962867737,-0.0235736146569252,-0.021681372076272964,-0.01978912763297558,-0.017896883189678192,-0.016004638746380806,-0.01411239430308342,-0.012220149859786034,-0.010327905416488647,-0.00843566283583641,-0.006543418392539024,-0.004651173949241638,-0.002758929505944252,-0.0008666850626468658,0.001025557518005371,0.0029178038239479065,0.004810046404600143,0.006702292710542679,0.008594535291194916,0.010486781597137451,0.012379024177789688,0.014271266758441925,0.01616351306438446,0.018055755645036697,0.019948001950979233,0.02184024453163147,0.023732490837574005,0.025624733418226242,0.027516979724168777,0.029409222304821014,0.03130146488547325,0.03319371119141579,0.035085953772068024,0.03697820007801056,0.038870442658662796,0.04076268896460533,0.04265493154525757,0.044547177851200104,0.04643942043185234,0.04833166301250458,0.05022390931844711,0.05211615189909935,0.054008398205041885,0.05590064078569412,0.05779288709163666,0.059685129672288895,0.06157737225294113,0.06346961855888367,0.0653618648648262,0.06725411117076874,0.06914635002613068,0.07103859633207321,0.07293084263801575,0.07482308149337769,0.07671532779932022,0.07860757410526276,0.0804998129606247,0.08239205926656723,0.08428430557250977,0.0861765518784523,0.08806879073381424,0.08996103703975677],"_type":"histogram","values":[1,0,0,1,0,1,0,0,0,0,0,1,1,0,4,0,0,1,1,0,1,0,0,1,0,0,0,0,0,1,1,0,0,0,0,0,0,0,0,0,0,0,0,0,0,0,0,0,0,0,0,0,0,0,0,0,0,0,0,0,0,0,0,1]},"val_precision":0.9866038957415356,"_wandb":{"runtime":204},"gradients/graph_2layer2.0.weight":{"values":[1,0,0,0,1,5,5,2,3,5,6,3,6,11,8,12,22,31,41,65,74,118,198,420,10509,376,221,111,107,78,70,44,44,32,32,20,17,14,15,10,8,12,8,4,3,3,2,6,2,5,0,4,0,2,1,0,0,1,0,1,0,0,0,1],"bins":[-0.017534058541059494,-0.016818422824144363,-0.016102787107229233,-0.015387151390314102,-0.014671515673398972,-0.013955879956483841,-0.013240243308246136,-0.012524607591331005,-0.011808971874415874,-0.011093336157500744,-0.010377700440585613,-0.009662064723670483,-0.008946428075432777,-0.008230792358517647,-0.007515156641602516,-0.0067995209246873856,-0.006083885207772255,-0.005368249490857124,-0.004652613773941994,-0.003936978057026863,-0.0032213423401117325,-0.0025057056918740273,-0.0017900709062814713,-0.0010744351893663406,-0.0003587976098060608,0.0003568381071090698,0.0010724738240242004,0.001788109540939331,0.0025037452578544617,0.0032193809747695923,0.003935016691684723,0.0046506524085998535,0.005366286262869835,0.0060819219797849655,0.006797557696700096,0.007513193413615227,0.008228829130530357,0.008944464847445488,0.009660100564360619,0.01037573628127575,0.01109137199819088,0.01180700957775116,0.01252264529466629,0.013238280080258846,0.013953916728496552,0.014669552445411682,0.015385188162326813,0.016100823879241943,0.016816459596157074,0.017532095313072205,0.018247731029987335,0.018963366746902466,0.019679002463817596,0.020394638180732727,0.021110273897647858,0.02182590961456299,0.02254154533147812,0.02325718104839325,0.02397281676530838,0.02468845434486866,0.02540409006178379,0.02611972577869892,0.026835361495614052,0.027550997212529182,0.028266632929444313],"_type":"histogram"},"train_accuracy":0.989515806322529,"gradients/graph_2layer2.0.bias":{"bins":[-0.025371387600898743,-0.024536307901144028,-0.023701228201389313,-0.022866148501634598,-0.022031068801879883,-0.021195989102125168,-0.020360909402370453,-0.01952582783997059,-0.018690748140215874,-0.01785566844046116,-0.017020588740706444,-0.01618550904095173,-0.015350429341197014,-0.014515349641442299,-0.01368026901036501,-0.012845189310610294,-0.01201010961085558,-0.011175029911100864,-0.01033995021134615,-0.00950486958026886,-0.008669789880514145,-0.00783471018075943,-0.006999630481004715,-0.00616455078125,-0.005329471081495285,-0.00449439138174057,-0.003659311681985855,-0.002824230119585991,-0.001989150419831276,-0.001154070720076561,-0.000318991020321846,0.000516088679432869,0.001351168379187584,0.002186248078942299,0.003021327778697014,0.003856407478451729,0.004691487178206444,0.005526566877961159,0.006361648440361023,0.007196728140115738,0.008031807839870453,0.008866887539625168,0.009701967239379883,0.010537046939134598,0.011372126638889313,0.012207206338644028,0.013042286969721317,0.013877366669476032,0.014712446369230747,0.015547526068985462,0.016382604837417603,0.017217686399817467,0.01805276609957218,0.018887845799326897,0.01972292549908161,0.020558005198836327,0.02139308489859104,0.022228164598345757,0.02306324616074562,0.023898325860500336,0.02473340556025505,0.025568485260009766,0.02640356495976448,0.027238644659519196,0.02807372435927391],"_type":"histogram","values":[1,1,0,0,0,0,0,0,0,0,0,0,0,0,0,0,0,0,0,0,0,1,0,1,1,1,0,0,0,0,21,0,0,0,0,1,0,0,0,1,0,0,0,0,0,0,1,0,0,0,0,0,0,1,0,0,0,0,0,0,0,0,0,1]},"test_f1":0.9864957299026422,"parameters/graph_2fc.bias":{"_type":"histogram","values":[1,0,0,1,0,0,1,0,0,0,0,0,0,0,0,0,1,0,0,1,0,0,0,0,0,0,0,0,2,0,1,0,0,0,0,0,0,0,0,0,0,1,0,0,0,0,0,0,0,0,0,0,0,0,0,0,0,0,0,0,0,0,0,1],"bins":[-0.0994047224521637,-0.09529749304056168,-0.09119026362895966,-0.08708303421735764,-0.08297580480575562,-0.0788685753941536,-0.07476134598255157,-0.07065410912036896,-0.06654688715934753,-0.062439654022455215,-0.058332424610853195,-0.054225195199251175,-0.050117962062358856,-0.046010732650756836,-0.041903503239154816,-0.037796273827552795,-0.033689044415950775,-0.029581815004348755,-0.025474585592746735,-0.021367356181144714,-0.017260126769542694,-0.013152897357940674,-0.009045667946338654,-0.004938438534736633,-0.0008312016725540161,0.003276027739048004,0.007383257150650024,0.011490486562252045,0.015597715973854065,0.019704945385456085,0.023812174797058105,0.02791939675807953,0.032026633620262146,0.03613387048244476,0.040241092443466187,0.04434832185506821,0.04845555126667023,0.05256278067827225,0.05667001008987427,0.06077723950147629,0.06488446891307831,0.06899170577526093,0.07309893518686295,0.07720616459846497,0.08131339401006699,0.085420623421669,0.08952785283327103,0.09363508224487305,0.09774231165647507,0.10184954106807709,0.10595677047967911,0.11006399989128113,0.11417122930288315,0.11827845871448517,0.12238569557666779,0.1264929175376892,0.13060015439987183,0.13470737636089325,0.13881461322307587,0.1429218351840973,0.1470290720462799,0.15113629400730133,0.15524353086948395,0.15935075283050537,0.163457989692688]},"gradients/graph_2fc.bias":{"bins":[-0.015363823622465134,-0.014970377087593079,-0.014576929621398449,-0.014183483086526394,-0.013790035620331764,-0.01339658908545971,-0.013003142550587654,-0.012609695084393024,-0.012216247618198395,-0.01182280108332634,-0.011429354548454285,-0.011035907082259655,-0.0106424605473876,-0.01024901308119297,-0.009855566546320915,-0.00946212001144886,-0.00906867254525423,-0.0086752250790596,-0.008281778544187546,-0.00788833200931549,-0.007494884543120861,-0.007101438008248806,-0.006707990542054176,-0.006314544007182121,-0.005921097472310066,-0.0055276500061154366,-0.0051342034712433815,-0.004740756005048752,-0.004347309470176697,-0.003953862003982067,-0.003560415469110012,-0.0031669680029153824,-0.0027735205367207527,-0.0023800740018486977,-0.001986626535654068,-0.001593180000782013,-0.0011997325345873833,-0.0008062859997153282,-0.00041283853352069855,-1.9391998648643494e-05,0.0003740554675459862,0.0007675020024180412,0.0011609485372900963,0.001554396003484726,0.001947842538356781,0.0023412895388901234,0.0027347365394234657,0.003128183539956808,0.0035216305404901505,0.003915077541023493,0.004308524541556835,0.0047019715420901775,0.00509541854262352,0.005488865077495575,0.005882312078028917,0.00627575907856226,0.006669206079095602,0.007062653079628944,0.007456100080162287,0.007849547080695629,0.008242993615567684,0.008636441081762314,0.009029887616634369,0.009423335082828999,0.009816781617701054],"_type":"histogram",