{"_timestamp":1.7669956705343277e+09,"_wandb":{"runtime":0},"_runtime":0,"_step":7,"accuracy":0.8728090504095489,"loss":0.09373133530866841}