{"parameters/layer1.0.weight":{"_type":"histogram","values":[1,0,0,0,1,0,0,0,0,0,0,1,1,1,3,1,2,3,2,1,1,2,3,3,4,9,5,11,7,8,2,8,5,19,11,10,10,14,21,13,16,12,16,15,19,9,20,19,20,12,12,8,7,7,7,4,7,0,5,0,0,1,0,1],"bins":[-1.0654162168502808,-1.0399799346923828,-1.0145436525344849,-0.9891073703765869,-0.9636711478233337,-0.9382348656654358,-0.9127985835075378,-0.8873623013496399,-0.8619260191917419,-0.8364897966384888,-0.8110535144805908,-0.7856172323226929,-0.7601809501647949,-0.734744668006897,-0.709308385848999,-0.6838721036911011,-0.6584358215332031,-0.6329995393753052,-0.607563316822052,-0.582127034664154,-0.5566907525062561,-0.5312544703483582,-0.5058181881904602,-0.48038196563720703,-0.4549456834793091,-0.42950940132141113,-0.4040731191635132,-0.37863683700561523,-0.3532005548477173,-0.3277643322944641,-0.30232805013656616,-0.2768917679786682,-0.25145548582077026,-0.22601920366287231,-0.20058292150497437,-0.17514663934707642,-0.14971041679382324,-0.12427413463592529,-0.09883785247802734,-0.0734015703201294,-0.047965288162231445,-0.022529006004333496,0.0029072165489196777,0.028343498706817627,0.053779780864715576,0.07921606302261353,0.10465234518051147,0.13008859753608704,0.15552487969398499,0.18096116185188293,0.2063974142074585,0.23183369636535645,0.2572699785232544,0.28270623087882996,0.3081425130367279,0.33357879519462585,0.3590150475502014,0.38445132970809937,0.4098876118659973,0.43532389402389526,0.4607601463794708,0.4861964285373688,0.5116326808929443,0.5370689630508423,0.5625052452087402]},"gradients/fc.weight":{"bins":[-0.03671811521053314,-0.03560208901762962,-0.034486062824726105,-0.03337003290653229,-0.03225400671362877,-0.03113798052072525,-0.030021952465176582,-0.028905924409627914,-0.027789898216724396,-0.026673872023820877,-0.02555784396827221,-0.02444181591272354,-0.023325789719820023,-0.022209763526916504,-0.021093735471367836,-0.019977707415819168,-0.01886168122291565,-0.01774565503001213,-0.016629626974463463,-0.015513598918914795,-0.014397572726011276,-0.013281546533107758,-0.01216551847755909,-0.011049490422010422,-0.009933464229106903,-0.008817438036203384,-0.0077014099806547165,-0.006585381925106049,-0.00546935573220253,-0.004353329539299011,-0.003237299621105194,-0.0021212734282016754,-0.0010052472352981567,0.00011077895760536194,0.0012268051505088806,0.0023428350687026978,0.0034588612616062164,0.004574887454509735,0.005690915510058403,0.006806943565607071,0.00792296975851059,0.009038995951414108,0.010155024006962776,0.011271052062511444,0.012387078255414963,0.013503104448318481,0.01461913250386715,0.015735160559415817,0.016851186752319336,0.017967212945222855,0.019083241000771523,0.02019926905632019,0.02131529524922371,0.022431321442127228,0.023547349497675896,0.024663377553224564,0.025779403746128082,0.0268954299390316,0.02801145799458027,0.029127486050128937,0.030243512243032455,0.031359538435935974,0.03247556835412979,0.03359159454703331,0.03470762073993683],"_type":"histogram","values":[2,1,0,0,0,0,0,1,1,0,1,1,2,4,2,5,5,8,4,2,12,15,20,13,20,22,33,40,44,69,105,255,12928,1317,304,133,98,57,38,30,18,13,12,10,6,7,2,5,3,4,2,0,2,0,0,1,0,1,0,0,0,0,1,1]},"parameters/fc.weight":{"_type":"histogram","values":[1,0,0,1,0,1,2,3,3,2,10,7,14,12,14,19,36,22,36,58,67,90,140,133,188,227,335,412,513,692,851,973,1426,1637,1547,1473,1175,888,692,525,423,285,225,164,84,89,54,45,28,19,11,9,4,4,3,3,0,2,0,0,0,0,1,2],"bins":[-0.9053376913070679,-0.8790076375007629,-0.852677583694458,-0.8263474702835083,-0.8000174164772034,-0.7736873626708984,-0.7473573088645935,-0.7210272550582886,-0.6946972012519836,-0.6683671474456787,-0.642037034034729,-0.6157070398330688,-0.5893769264221191,-0.5630468726158142,-0.5367168188095093,-0.5103867053985596,-0.484056681394577,-0.4577266275882721,-0.4313965439796448,-0.40506649017333984,-0.3787364363670349,-0.35240638256073,-0.32607632875442505,-0.29974621534347534,-0.2734161615371704,-0.24708610773086548,-0.22075605392456055,-0.19442600011825562,-0.16809594631195068,-0.14176583290100098,-0.11543577909469604,-0.08910572528839111,-0.06277567148208618,-0.03644561767578125,-0.010115563869476318,0.016214489936828613,0.04254460334777832,0.06887465715408325,0.09520471096038818,0.12153476476669312,0.14786481857299805,0.17419487237930298,0.20052498579025269,0.22685503959655762,0.25318509340286255,0.2795151472091675,0.3058452010154724,0.33217528462409973,0.35850533843040466,0.3848353922367096,0.4111654758453369,0.43749552965164185,0.4638255834579468,0.4901556670665741,0.5164856910705566,0.5428158044815063,0.5691458582878113,0.5954759120941162,0.6218059659004211,0.6481360197067261,0.674466073513031,0.7007961273193359,0.7271262407302856,0.7534562945365906,0.7797863483428955]},"gradients/layer2.0.weight":{"_type":"histogram","values":[1,0,1,0,0,0,0,0,0,0,1,2,1,1,0,4,10,8,15,23,31,35,70,124,181,348,702,1627,6305,1530,689,380,239,150,105,59,37,36,16,15,12,8,7,3,0,2,3,4,3,0,1,1,0,1,1,0,2,1,0,1,2,0,1,1],"bins":[-0.015840629115700722,-0.015284061431884766,-0.01472749374806881,-0.014170926995575428,-0.013614359311759472,-0.013057791627943516,-0.012501224875450134,-0.011944657191634178,-0.011388089507818222,-0.010831521824002266,-0.01027495414018631,-0.009718387387692928,-0.009161819703876972,-0.008605252020061016,-0.008048685267567635,-0.0074921175837516785,-0.006935549899935722,-0.006378982216119766,-0.00582241453230381,-0.005265847779810429,-0.0047092800959944725,-0.004152712412178516,-0.003596145659685135,-0.0030395779758691788,-0.0024830102920532227,-0.0019264426082372665,-0.0013698749244213104,-0.0008133081719279289,-0.0002567404881119728,0.0002998262643814087,0.0008563939481973648,0.001412961632013321,0.0019695311784744263,0.0025260988622903824,0.0030826665461063385,0.0036392342299222946,0.004195800982415676,0.004752368666231632,0.005308935418725014,0.00586550310254097,0.006422070786356926,0.006978638470172882,0.007535206153988838,0.00809177290648222,0.008648340590298176,0.009204908274114132,0.009761475026607513,0.01031804271042347,0.010874610394239426,0.011431178078055382,0.011987745761871338,0.01254431251436472,0.013100880198180676,0.013657447881996632,0.014214014634490013,0.01477058231830597,0.015327150002121925,0.01588371768593788,0.016440285369753838,0.016996853053569794,0.0175534188747406,0.018109986558556557,0.018666554242372513,0.01922312192618847,0.019779689610004425]},"_runtime":184,"epoch":4,"test_accuracy":0.9888,"parameters/layer2.0.weight":{"bins":[-1.0815107822418213,-1.0492063760757446,-1.0169018507003784,-0.9845974445343018,-0.9522930383682251,-0.9199885725975037,-0.8876841068267822,-0.8553797006607056,-0.8230752348899841,-0.7907707691192627,-0.758466362953186,-0.7261618971824646,-0.6938574314117432,-0.6615530252456665,-0.6292485594749451,-0.5969440937042236,-0.564639687538147,-0.5323352217674255,-0.5000308156013489,-0.46772634983062744,-0.4354219436645508,-0.40311747789382935,-0.3708130121231079,-0.33850860595703125,-0.3062041401863098,-0.2738996744155884,-0.24159526824951172,-0.20929080247879028,-0.17698633670806885,-0.1446819305419922,-0.11237746477127075,-0.08007299900054932,-0.04776865243911743,-0.015464246273040771,0.016840219497680664,0.0491446852684021,0.08144909143447876,0.1137535572052002,0.14605802297592163,0.1783624291419983,0.21066689491271973,0.24297136068344116,0.2752757668495178,0.30758023262023926,0.3398846983909607,0.37218910455703735,0.4044935703277588,0.43679797649383545,0.4691024422645569,0.5014069080352783,0.533711314201355,0.5660157799720764,0.5983202457427979,0.6306246519088745,0.662929117679596,0.6952335834503174,0.727537989616394,0.7598423957824707,0.7921468615531921,0.8244513273239136,0.8567557334899902,0.8890601992607117,0.9213646650314331,0.9536690711975098,0.9859735369682312],"_type":"histogram","values":[2,1,2,0,1,5,1,0,9,4,12,11,11,16,23,33,44,65,81,92,131,152,213,268,291,368,476,552,675,738,851,1094,1080,1111,852,809,629,560,415,298,254,167,117,97,59,44,28,18,11,5,9,7,1,0,2,3,0,1,0,0,0,0,0,1]},"loss":0.007324673235416412,"gradients/layer1.0.weight":{"_type":"histogram",