{"parameters/layer1.0.bias":{"values":[1,0,0,0,0,0,0,0,0,1,0,0,0,0,0,0,0,1,0,0,0,0,2,0,0,1,0,0,0,0,0,0,2,0,0,0,0,0,1,0,0,0,2,1,0,1,1,0,0,0,0,0,0,1,0,0,0,0,0,0,0,0,0,1],"bins":[-0.3946634531021118,-0.38744279742240906,-0.3802221417427063,-0.37300148606300354,-0.3657808303833008,-0.358560174703598,-0.35133951902389526,-0.3441188633441925,-0.33689820766448975,-0.3296775817871094,-0.32245689630508423,-0.31523627042770386,-0.3080155849456787,-0.30079495906829834,-0.2935743033885956,-0.2863536477088928,-0.27913299202919006,-0.2719123363494873,-0.26469168066978455,-0.2574710249900818,-0.25025036931037903,-0.24302971363067627,-0.2358090579509735,-0.22858840227127075,-0.221367746591568,-0.21414709091186523,-0.20692643523216248,-0.1997057944536209,-0.19248513877391815,-0.1852644830942154,-0.17804382741451263,-0.17082317173480988,-0.1636025309562683,-0.15638187527656555,-0.1491612195968628,-0.14194056391716003,-0.13471990823745728,-0.12749925255775452,-0.12027860432863235,-0.1130579486489296,-0.10583729296922684,-0.09861663728952408,-0.09139598160982132,-0.08417532593011856,-0.0769546702504158,-0.06973401457071304,-0.06251335889101028,-0.05529271066188812,-0.048072054982185364,-0.040851399302482605,-0.033630743622779846,-0.026410095393657684,-0.019189439713954926,-0.011968784034252167,-0.004748128354549408,0.002472527325153351,0.009693179279565811,0.01691383495926857,0.02413448691368103,0.03135514259338379,0.03857579827308655,0.04579645022749901,0.05301710590720177,0.06023775786161423,0.06745841354131699],"_type":"histogram"},"val_accuracy":0.9890219560878244,"best_val_accuracy":0.9890219560878244,"test_recall":0.9891,"parameters/fc.weight":{"bins":[-0.847277045249939,-0.8215575814247131,-0.7958381175994873,-0.7701187133789062,-0.7443992495536804,-0.7186797857284546,-0.6929603219032288,-0.6672408580780029,-0.6415214538574219,-0.615801990032196,-0.5900825262069702,-0.5643630623817444,-0.5386435985565186,-0.5129241943359375,-0.4872047007083893,-0.46148526668548584,-0.43576580286026,-0.4100463390350342,-0.38432690501213074,-0.3586074411869049,-0.33288800716400146,-0.30716854333877563,-0.2814490795135498,-0.255729615688324,-0.23001015186309814,-0.2042907476425171,-0.17857128381729126,-0.15285181999206543,-0.1271323561668396,-0.10141289234161377,-0.07569348812103271,-0.049974024295806885,-0.02425462007522583,0.00146484375,0.02718430757522583,0.052903711795806885,0.07862317562103271,0.10434263944625854,0.13006210327148438,0.1557815670967102,0.18150097131729126,0.2072204351425171,0.23293989896774292,0.25865936279296875,0.2843788266181946,0.310098260641098,0.33581772446632385,0.3615371584892273,0.3872566223144531,0.41297608613967896,0.4386955201625824,0.4644149839878082,0.49013441801071167,0.5158538818359375,0.5415733456611633,0.5672928094863892,0.5930122137069702,0.618731677532196,0.6444511413574219,0.6701706051826477,0.6958900690078735,0.7216094732284546,0.7473289370536804,0.7730484008789062,0.7987678647041321],"_type":"histogram","values":[3,5,3,2,3,6,0,7,4,6,14,5,15,21,21,25,36,43,53,64,83,116,122,172,226,284,333,437,566,747,1223,2005,2096,1899,1565,954,634,502,372,268,216,155,93,84,51,41,33,22,9,11,7,0,6,3,3,3,1,1,0,0,0,0,0,1]},"batch_loss":0.021285846829414368,"train_accuracy":0.9950580232092837,"parameters/layer2.0.weight":{"_type":"histogram","values":[1,2,0,0,0,2,0,0,1,1,2,1,2,4,7,4,4,10,10,11,20,28,23,55,39,73,57,97,108,144,183,233,283,412,511,666,810,1233,1491,1529,1322,840,642,478,358,292,242,163,115,77,65,46,36,21,14,7,10,4,4,1,3,0,1,2],"bins":[-1.1142572164535522,-1.086604356765747,-1.0589513778686523,-1.0312985181808472,-1.0036455392837524,-0.9759926795959473,-0.9483397603034973,-0.9206868410110474,-0.8930339217185974,-0.8653810024261475,-0.8377280831336975,-0.8100751638412476,-0.7824223041534424,-0.7547693252563477,-0.7271164655685425,-0.6994635462760925,-0.6718106269836426,-0.6441577076911926,-0.6165047883987427,-0.5888518691062927,-0.5611989498138428,-0.5335460901260376,-0.5058931708335876,-0.4782402515411377,-0.45058733224868774,-0.4229344129562378,-0.39528149366378784,-0.3676285743713379,-0.3399757146835327,-0.31232279539108276,-0.2846698760986328,-0.25701695680618286,-0.22936409711837769,-0.20171117782592773,-0.17405825853347778,-0.14640533924102783,-0.11875241994857788,-0.0910995602607727,-0.06344664096832275,-0.0357937216758728,-0.008140802383422852,0.0195121169090271,0.04716503620147705,0.074817955493927,0.10247081518173218,0.13012373447418213,0.15777665376663208,0.18542957305908203,0.21308249235153198,0.24073541164398193,0.2683883309364319,0.29604122042655945,0.3236941397190094,0.35134705901145935,0.3789999485015869,0.40665286779403687,0.4343057870864868,0.46195870637893677,0.4896116256713867,0.5172644853591919,0.5449174642562866,0.5725703239440918,0.6002232432365417,0.6278761625289917,0.6555290818214417]},"_runtime":472,"test_f1":0.9890937618483499,"_wandb":{"runtime":472},"gradients/fc.bias":{"values":[1,0,0,0,0,0,0,0,0,0,0,0,0,0,0,0,0,0,0,0,0,0,0,0,0,0,0,0,0,0,0,0,8,0,0,0,0,0,0,0,0,0,0,0,0,0,0,0,0,0,0,0,0,0,0,0,0,0,0,0,0,0,0,1],"bins":[-0.006061475723981857,-0.005873732268810272,-0.0056859892792999744,-0.005498246289789677,-0.005310502834618092,-0.0051227593794465065,-0.004935016389936209,-0.004747273400425911,-0.004559529945254326,-0.004371786490082741,-0.004184043500572443,-0.003996300511062145,-0.00380855705589056,-0.0036208138335496187,-0.0034330706112086773,-0.003245327388867736,-0.0030575841665267944,-0.002869840944185853,-0.0026820977218449116,-0.00249435449950397,-0.0023066112771630287,-0.0021188678219914436,-0.0019311248324811459,-0.001743381842970848,-0.001555638387799263,-0.001367894932627678,-0.0011801519431173801,-0.0009924089536070824,-0.0008046654984354973,-0.0006169220432639122,-0.0004291790537536144,-0.00024143606424331665,-5.3693074733018875e-05,0.0001340503804385662,0.000321793369948864,0.0005095363594591618,0.0006972798146307468,0.0008850232698023319,0.0010727662593126297,0.0012605092488229275,0.0014482527039945126,0.0016359961591660976,0.0018237391486763954,0.002011482138186693,0.0021992255933582783,0.0023869688156992197,0.002574712038040161,0.0027624552603811026,0.002950198482722044,0.0031379417050629854,0.003325684927403927,0.0035134281497448683,0.0037011713720858097,0.003888914594426751,0.0040766578167676926,0.004264401271939278,0.004452144261449575,0.004639887250959873,0.004827630706131458,0.005015374161303043,0.005203117150813341,0.005390860140323639,0.005578603595495224,0.005766347050666809,0.005954090040177107],"_type":"histogram"},"train_precision":0.9950701007691003,"gradients/layer1.0.weight":{"bins":[-0.01791551150381565,-0.01737181842327118,-0.016828123480081558,-0.016284430399537086,-0.015740735456347466,-0.015197042375802994,-0.014653348363935947,-0.014109654352068901,-0.01356596127152443,-0.013022266328334808,-0.012478573247790337,-0.01193487923592329,-0.011391185224056244,-0.010847492143511772,-0.010303797200322151,-0.00976010411977768,-0.009216410107910633,-0.008672716096043587,-0.00812902208417654,-0.007585329003632069,-0.007041634991765022,-0.006497940979897976,-0.0059542469680309296,-0.005410552956163883,-0.004866858944296837,-0.004323165863752365,-0.0037794718518853188,-0.0032357778400182724,-0.002692083828151226,-0.0021483898162841797,-0.001604696735739708,-0.001061001792550087,-0.0005173087120056152,2.6384368538856506e-05,0.0005700793117284775,0.0011137723922729492,0.0016574664041399956,0.002201160416007042,0.0027448544278740883,0.0032885484397411346,0.0038322415202856064,0.004375935532152653,0.004919629544019699,0.0054633235558867455,0.006007017567753792,0.006550711579620838,0.00709440466016531,0.007638098672032356,0.008181792683899403,0.008725486695766449,0.00926917977631092,0.009812874719500542,0.010356567800045013,0.01090026181191206,0.011443955823779106,0.011987648904323578,0.012531343847513199,0.01307503692805767,0.013618730939924717,0.014162424951791763,0.01470611896365881,0.015249812975525856,0.015793506056070328,0.01633720099925995,0.01688089407980442],"_type":"histogram",