{"test_precision":0.9844763097463963,"train_recall":0.9841536614645858,"val_recall":0.9831337325349302,"train_precision":0.9842623127918626,"val_accuracy":0.9831337325349302,"_runtime":67,"epoch":0,"_wandb":{"runtime":67},"test_accuracy":0.9843,"gradients/layer2.0.bias":{"bins":[-0.00916492659598589,-0.008872066624462605,-0.00857920665293932,-0.008286346681416035,-0.00799348670989275,-0.007700626738369465,-0.007407766301184893,-0.007114906329661608,-0.006822046358138323,-0.006529186386615038,-0.006236326415091753,-0.005943465977907181,-0.005650606006383896,-0.005357746034860611,-0.005064886063337326,-0.004772026091814041,-0.004479166120290756,-0.004186306148767471,-0.0038934461772441864,-0.0036005862057209015,-0.0033077262341976166,-0.0030148657970130444,-0.0027220058254897594,-0.0024291458539664745,-0.0021362858824431896,-0.0018434259109199047,-0.0015505659393966198,-0.0012577055022120476,-0.0009648455306887627,-0.0006719855591654778,-0.00037912558764219284,-8.626561611890793e-05,0.00020659342408180237,0.0004994533956050873,0.0007923133671283722,0.001085173338651657,0.001378033310174942,0.001670893281698227,0.001963753718882799,0.002256613690406084,0.002549473661929369,0.002842333633452654,0.003135193604975939,0.0034280535764992237,0.003720914013683796,0.004013773985207081,0.004306633956730366,0.004599493928253651,0.004892353899776936,0.0051852138713002205,0.005478073842823505,0.00577093381434679,0.006063793785870075,0.00635665375739336,0.006649514194577932,0.006942374166101217,0.007235234137624502,0.007528094109147787,0.00782095454633236,0.008113814517855644,0.00840667448937893,0.008699534460902214,0.008992394432425499,0.009285254403948784,0.009578114375472069],"_type":"histogram","values":[1,0,0,0,0,0,0,1,1,0,1,0,0,0,0,1,0,1,0,0,1,1,0,1,0,1,1,0,0,3,1,4,2,1,1,0,0,3,0,0,1,1,0,0,0,0,0,0,0,0,0,0,0,0,1,0,0,0,0,1,1,0,0,1]},"gradients/layer1.0.bias":{"values":[1,0,0,0,0,0,0,0,0,0,0,0,0,0,0,0,0,0,0,0,1,0,0,0,0,0,0,0,1,1,0,0,0,1,0,1,1,0,1,0,0,0,0,0,0,0,4,2,1,0,0,0,0,0,0,0,0,0,0,0,0,0,0,1],"bins":[-0.052105799317359924,-0.05074257776141167,-0.04937935620546341,-0.04801613464951515,-0.046652913093566895,-0.045289695262908936,-0.04392647370696068,-0.04256325215101242,-0.04120003059506416,-0.039836809039115906,-0.03847358748316765,-0.03711036592721939,-0.03574714809656143,-0.034383922815322876,-0.03302070498466492,-0.03165748342871666,-0.030294261872768402,-0.028931040316820145,-0.027567818760871887,-0.02620459906756878,-0.02484137751162052,-0.023478155955672264,-0.022114936262369156,-0.0207517147064209,-0.01938849315047264,-0.018025271594524384,-0.016662050038576126,-0.015298828482627869,-0.01393561065196991,-0.012572389096021652,-0.011209167540073395,-0.009845945984125137,-0.008482720702886581,-0.007119499146938324,-0.0057562775909900665,-0.004393056035041809,-0.0030298344790935516,-0.0016666166484355927,-0.0003033950924873352,0.0010598264634609222,0.0024230480194091797,0.003786269575357437,0.005149491131305695,0.006512710824608803,0.00787593238055706,0.009239153936505318,0.010602373629808426,0.011965595185756683,0.01332881674170494,0.014692038297653198,0.016055259853601456,0.017418479546904564,0.01878170110285282,0.02014492265880108,0.021508142352104187,0.022871363908052444,0.024234585464000702,0.02559780701994896,0.026961028575897217,0.028324248269200325,0.029687469825148582,0.03105069138109684,0.03241391107439995,0.033777132630348206,0.03514035418629646],"_type":"histogram"},"test_recall":0.9843,"gradients/fc.bias":{"bins":[-0.006779887247830629,-0.006540160160511732,-0.0063004326075315475,-0.00606070552021265,-0.005820977967232466,-0.0055812508799135685,-0.005341523326933384,-0.005101796239614487,-0.0048620691522955894,-0.004622341599315405,-0.00438261404633522,-0.004142886959016323,-0.003903159871697426,-0.003663432551547885,-0.003423705231398344,-0.003183977911248803,-0.0029442505910992622,-0.002704523503780365,-0.0024647959508001804,-0.002225068863481283,-0.0019853413105010986,-0.0017456142231822014,-0.0015058866702020168,-0.0012661595828831196,-0.0010264324955642223,-0.0007867049425840378,-0.0005469778552651405,-0.000307250302284956,-6.752321496605873e-05,0.00017220433801412582,0.00041193142533302307,0.0006516589783132076,0.0008913855999708176,0.0011311126872897148,0.0013708402402698994,0.0016105673275887966,0.0018502948805689812,0.0020900219678878784,0.002329749520868063,0.0025694766081869602,0.0028092041611671448,0.003048931248486042,0.0032886583358049393,0.003528385888785124,0.003768112976104021,0.004007840529084206,0.004247567616403103,0.004487295169383287,0.004727022256702185,0.004966749809682369,0.0052064768970012665,0.005446203984320164,0.005685931537300348,0.0059256586246192455,0.00616538617759943,0.006405113264918327,0.006644840352237225,0.006884567905217409,0.007124295458197594,0.007364022545516491,0.007603749632835388,0.007843476720154285,0.008083204738795757,0.008322931826114655,0.008562658913433552],"_type":"histogram","values":[1,1,0,0,0,0,0,0,0,0,0,0,1,0,1,0,0,0,0,0,0,0,0,0,0,0,0,0,0,0,1,0,0,0,0,0,1,0,1,1,0,0,0,0,1,0,0,0,0,0,0,0,0,0,0,0,0,0,0,0,0,0,0,1]},"parameters/layer1.0.bias":{"bins":[-0.16475917398929596,-0.16149483621120453,-0.1582305133342743,-0.15496617555618286,-0.15170185267925262,-0.1484375149011612,-0.14517319202423096,-0.14190885424613953,-0.1386445164680481,-0.13538019359111786,-0.13211585581302643,-0.1288515329360962,-0.12558719515800476,-0.12232285737991333,-0.1190585345029831,-0.11579419672489166,-0.11252986639738083,-0.10926553606987,-0.10600119829177856,-0.10273687541484833,-0.0994725376367569,-0.09620820730924606,-0.09294387698173523,-0.0896795466542244,-0.08641521632671356,-0.08315087854862213,-0.0798865482211113,-0.07662221789360046,-0.07335788756608963,-0.0700935572385788,-0.06682921946048737,-0.06356488913297653,-0.060300562530756,-0.05703623220324516,-0.05377190187573433,-0.0505075640976429,-0.047243233770132065,-0.04397890344262123,-0.0407145731151104,-0.037450242787599564,-0.03418590500950813,-0.0309215746819973,-0.027657244354486465,-0.02439291402697563,-0.021128583699464798,-0.017864249646663666,-0.014599919319152832,-0.0113355852663517,-0.008071254938840866,-0.004806924611330032,-0.0015425905585289001,0.0017217397689819336,0.004986073821783066,0.0082504041492939,0.011514734476804733,0.014779066666960716,0.0180433988571167,0.021307731047272682,0.024572063237428665,0.0278363935649395,0.031100725755095482,0.034365057945251465,0.0376293882727623,0.04089372232556343,0.044158052653074265],"_type":"histogram","values":[1,0,0,0,0,0,0,0,0,0,0,0,0,0,0,0,1,1,0,1,0,0,0,0,0,0,0,0,0,0,1,1,0,0,0,0,0,0,0,0,0,1,0,0,0,1,0,0,0,1,0,0,1,0,1,0,1,0,0,1,1,0,0,2]},"_step":49980,"parameters/layer2.0.bias":{"_type":"histogram","values":[1,0,1,0,0,0,0,0,0,0,0,0,2,0,0,0,0,0,0,0,1,1,0,3,0,0,0,0,0,3,1,0,1,3,1,0,0,1,0,0,0,0,1,0,0,0,1,0,1,0,0,0,1,1,0,2,1,0,1,1,0,0,2,1],