{"train_f1":0.9936946978029303,"val_f1":0.987714625323824,"parameters/layer2.0.bias":{"_type":"histogram","values":[1,0,0,0,0,0,0,0,0,1,0,1,0,0,0,0,0,0,0,1,1,0,0,0,0,0,0,1,0,0,2,1,1,0,0,0,0,1,1,2,0,1,2,0,0,0,1,0,2,0,0,1,0,2,2,1,1,2,0,0,0,0,1,2],"bins":[-0.3452538251876831,-0.33974510431289673,-0.33423638343811035,-0.328727662563324,-0.3232189416885376,-0.3177102506160736,-0.31220152974128723,-0.30669280886650085,-0.3011840879917145,-0.2956753671169281,-0.2901666462421417,-0.28465792536735535,-0.27914920449256897,-0.273640513420105,-0.2681317925453186,-0.2626230716705322,-0.25711435079574585,-0.2516056299209595,-0.2460969090461731,-0.24058818817138672,-0.23507946729660034,-0.22957074642181396,-0.22406204044818878,-0.2185533195734024,-0.21304459869861603,-0.20753587782382965,-0.20202717185020447,-0.1965184509754181,-0.1910097301006317,-0.18550100922584534,-0.17999230325222015,-0.17448358237743378,-0.1689748466014862,-0.16346612572669983,-0.15795740485191345,-0.15244869887828827,-0.1469399780035019,-0.14143125712871552,-0.13592253625392914,-0.13041383028030396,-0.12490511685609818,-0.1193963959813118,-0.11388767510652542,-0.10837896168231964,-0.10287024080753326,-0.09736152738332748,-0.09185280650854111,-0.08634409308433533,-0.08083537220954895,-0.07532665133476257,-0.0698179379105568,-0.06430921703577042,-0.05880049988627434,-0.05329177901148796,-0.04778306186199188,-0.042274344712495804,-0.036765627562999725,-0.03125691041350365,-0.025748195126652718,-0.02023947611451149,-0.014730758965015411,-0.009222041815519333,-0.0037133232690393925,0.0017953943461179733,0.007304111961275339]},"val_recall":0.9877245508982035,"test_recall":0.9876,"parameters/fc.bias":{"bins":[-0.05918789654970169,-0.056808896362781525,-0.05442989617586136,-0.05205089598894119,-0.049671899527311325,-0.04729289934039116,-0.04491389915347099,-0.042534902691841125,-0.04015590250492096,-0.03777690231800079,-0.03539790213108063,-0.03301890194416046,-0.030639901757240295,-0.02826090343296528,-0.025881905108690262,-0.023502904921770096,-0.02112390473484993,-0.018744904547929764,-0.016365904361009598,-0.01398690789937973,-0.011607907712459564,-0.009228907525539398,-0.006849907338619232,-0.004470907151699066,-0.0020919069647789,0.0002870894968509674,0.0026660896837711334,0.005045086145401001,0.007424086332321167,0.009803086519241333,0.012182086706161499,0.014561086893081665,0.01694008708000183,0.019319087266921997,0.021698087453842163,0.02407708764076233,0.026456087827682495,0.02883508801460266,0.03121408447623253,0.033593084663152695,0.03597208112478256,0.03835108131170273,0.040730081498622894,0.04310908168554306,0.045488081872463226,0.04786708205938339,0.05024607852101326,0.052625078707933426,0.05500407889485359,0.05738307908177376,0.059762079268693924,0.06214107573032379,0.06452007591724396,0.06689907610416412,0.06927807629108429,0.07165707647800446,0.07403607666492462,0.07641507685184479,0.07879407703876495,0.08117307722568512,0.08355206996202469,0.08593107014894485,0.08831007033586502,0.09068907052278519,0.09306807070970535],"_type":"histogram","values":[1,0,0,0,0,0,0,0,0,0,0,0,1,0,1,1,0,1,1,0,0,1,0,0,0,0,0,0,0,0,0,0,0,0,0,1,0,0,0,0,0,0,0,0,0,0,0,0,1,0,0,0,0,0,0,0,0,0,0,0,0,0,0,1]},"train_precision":0.9937490340325273,"_timestamp":1.7673162439712403e+09,"val_accuracy":0.9877245508982035,"gradients/fc.bias":{"values":[1,0,0,0,0,0,0,0,0,0,0,0,0,0,0,0,0,0,0,0,0,0,0,0,0,0,0,0,0,0,0,1,1,0,0,0,0,0,0,0,0,0,0,0,2,0,0,0,0,0,0,2,0,1,0,0,0,0,0,0,0,0,1,1],"bins":[-0.007268763147294521,-0.0071019637398421764,-0.006935163866728544,-0.006768364459276199,-0.0066015650518238544,-0.006434765178710222,-0.006267965771257877,-0.006101165898144245,-0.0059343664906919,-0.005767567083239555,-0.005600767210125923,-0.005433967802673578,-0.005267168395221233,-0.005100368522107601,-0.004933569114655256,-0.004766769707202911,-0.004599969834089279,-0.004433170426636934,-0.004266371019184589,-0.004099571146070957,-0.003932771738618612,-0.0037659723311662674,-0.003599172690883279,-0.0034323730506002903,-0.0032655736431479454,-0.003098773770034313,-0.0029319743625819683,-0.0027651749551296234,-0.002598375082015991,-0.0024315756745636463,-0.0022647762671113014,-0.0020979763939976692,-0.0019311767537146807,-0.0017643773462623358,-0.0015975774731487036,-0.0014307780656963587,-0.0012639786582440138,-0.0010971787851303816,-0.0009303793776780367,-0.0007635799702256918,-0.0005967800971120596,-0.0004299806896597147,-0.00026318104937672615,-9.63814090937376e-05,7.041799835860729e-05,0.00023721763864159584,0.0004040172789245844,0.0005708166863769293,0.0007376163266599178,0.0009044159669429064,0.0010712153743952513,0.0012380150146782398,0.0014048146549612284,0.001571614178828895,0.0017384137026965618,0.0019052133429795504,0.002072012983262539,0.002238812390714884,0.0024056120309978724,0.002572411671280861,0.002739211078733206,0.0029060107190161943,0.003072810359299183,0.003239609766751528,0.0034064094070345163],"_type":"histogram"},"test_accuracy":0.9876,"parameters/layer1.0.weight":{"_type":"histogram","values":[2,0,0,0,0,0,0,0,0,1,1,3,0,2,4,3,2,3,1,3,3,4,6,7,6,3,5,14,12,13,20,12,8,12,13,18,13,9,10,17,24,13,11,13,17,15,12,13,8,13,8,3,5,0,5,5,3,0,0,0,0,0,1,1],"bins":[-0.933588445186615,-0.9094396829605103,-0.8852909803390503,-0.8611422181129456,-0.8369934558868408,-0.8128446936607361,-0.7886959910392761,-0.7645472288131714,-0.7403984665870667,-0.7162497043609619,-0.692101001739502,-0.6679522395133972,-0.6438034772872925,-0.6196547746658325,-0.5955060124397278,-0.571357250213623,-0.5472085475921631,-0.5230597853660583,-0.4989110231399536,-0.47476229071617126,-0.45061352849006653,-0.4264647960662842,-0.40231603384017944,-0.3781672716140747,-0.35401856899261475,-0.32986980676651,-0.3057210445404053,-0.2815723419189453,-0.2574235796928406,-0.23327481746673584,-0.2091260552406311,-0.18497735261917114,-0.1608285903930664,-0.13667982816696167,-0.11253112554550171,-0.08838236331939697,-0.06423360109329224,-0.0400848388671875,-0.01593613624572754,0.008212625980377197,0.032361388206481934,0.056510090827941895,0.08065885305404663,0.10480761528015137,0.12895634770393372,0.15310510993003845,0.1772538423538208,0.20140260457992554,0.22555133700370789,0.24970006942749023,0.27384883165359497,0.2979975640773773,0.32214632630348206,0.3462950587272644,0.37044382095336914,0.3945925533771515,0.41874128580093384,0.4428900480270386,0.4670388102531433,0.49118754267692566,0.515336275100708,0.5394850373268127,0.5636337995529175,0.5877825021743774,0.6119312644004822]},"gradients/layer2.0.bias":{"bins":[-0.006901758722960949,-0.006581960711628199,-0.006262162700295448,-0.005942364223301411,-0.00562256621196866,-0.00530276820063591,-0.004982969723641872,-0.004663171712309122,-0.004343373700976372,-0.0040235756896436214,-0.0037037774454802275,-0.0033839792013168335,-0.003064181189984083,-0.002744383178651333,-0.0024245847016572952,-0.002104786690324545,-0.0017849886789917946,-0.0014651906676590443,-0.001145392656326294,-0.0008255941793322563,-0.000505796167999506,-0.00018599815666675568,0.00013380032032728195,0.00045359833166003227,0.0007733963429927826,0.0010931948199868202,0.0014129923656582832,0.0017327908426523209,0.0020525893196463585,0.0023723868653178215,0.002692185342311859,0.003011982887983322,0.0033317822962999344,0.003651580773293972,0.003971378318965435,0.004291176795959473,0.004610974341630936,0.004930772818624973,0.005250571295619011,0.005570368841290474,0.0058901673182845116,0.006209965329617262,0.006529763340950012,0.00684956181794405,0.0071693598292768,0.0074891578406095505,0.007808956317603588,0.008128754794597626,0.008448552340269089,0.008768349885940552,0.00908814836293459,0.009407946839928627,0.00972774438560009,0.010047542862594128,0.010367341339588165,0.010687138885259628,0.011006937362253666,0.011326735839247704,0.011646533384919167,0.011966331861913204,0.012286130338907242,0.012605927884578705,0.012925726361572742,0.013245523907244205,0.013565322384238243],"_type":"histogram",