{"parameters/graph_1layer2.0.weight":{"values":[2,0,0,1,0,0,0,2,5,2,4,8,6,5,14,11,13,20,24,30,43,56,76,97,105,143,181,272,314,381,463,536,640,736,825,951,928,901,831,807,662,565,491,408,293,263,184,133,91,69,60,47,25,19,15,17,7,10,2,4,0,1,0,1],"bins":[-0.6587309241294861,-0.6413842439651489,-0.624037504196167,-0.6066908240318298,-0.5893440842628479,-0.5719974040985107,-0.5546506643295288,-0.5373039841651917,-0.5199573040008545,-0.5026105642318726,-0.485263854265213,-0.46791714429855347,-0.4505704641342163,-0.4332237243652344,-0.4158770442008972,-0.39853033423423767,-0.3811836242675781,-0.3638369143009186,-0.34649020433425903,-0.3291434943675995,-0.31179678440093994,-0.2944501042366028,-0.27710339426994324,-0.2597566843032837,-0.24240997433662415,-0.2250632643699646,-0.20771655440330505,-0.1903698444366455,-0.17302316427230835,-0.15567642450332642,-0.13832974433898926,-0.12098300457000732,-0.10363632440567017,-0.08628964424133301,-0.06894290447235107,-0.051596224308013916,-0.03424948453903198,-0.016902804374694824,0.0004439055919647217,0.017790615558624268,0.035137325525283813,0.05248403549194336,0.0698307454586029,0.08717745542526245,0.10452413558959961,0.12187084555625916,0.1392175555229187,0.15656426548957825,0.1739109754562378,0.19125768542289734,0.20860439538955688,0.22595109045505524,0.24329780042171478,0.26064449548721313,0.2779912054538727,0.2953379154205322,0.3126846253871918,0.3300313353538513,0.34737804532051086,0.3647247552871704,0.38207143545150757,0.3994181454181671,0.41676485538482666,0.4341115653514862,0.45145827531814575],"_type":"histogram"},"gradients/graph_1layer2.0.weight":{"bins":[-0.009279339574277401,-0.008969082497060299,-0.008658826351165771,-0.00834856927394867,-0.008038312196731567,-0.007728055119514465,-0.007417798507958651,-0.007107541896402836,-0.006797284819185734,-0.006487027741968632,-0.006176771130412817,-0.005866514518857002,-0.0055562574416399,-0.005246000364422798,-0.004935743752866983,-0.004625487141311169,-0.004315230064094067,-0.004004972986876965,-0.00369471637532115,-0.003384459763765335,-0.003074202686548233,-0.002763945609331131,-0.0024536889977753162,-0.0021434323862195015,-0.0018331753090023994,-0.0015229182317852974,-0.0012126611545681953,-0.0009024050086736679,-0.0005921479314565659,-0.0002818908542394638,2.836529165506363e-05,0.0003386223688721657,0.0006488803774118423,0.0009591374546289444,0.0012693945318460464,0.0015796506777405739,0.001889907754957676,0.002200164832174778,0.0025104209780693054,0.0028206780552864075,0.0031309351325035095,0.0034411922097206116,0.0037514488212764263,0.004061705432832241,0.004371962510049343,0.004682219587266445,0.00499247619882226,0.005302732810378075,0.005612989887595177,0.005923246964812279,0.0062335035763680935,0.006543760187923908,0.00685401726514101,0.007164274342358112,0.007474530953913927,0.007784787565469742,0.008095044642686844,0.008405301719903946,0.008715558797121048,0.009025814943015575,0.009336072020232677,0.00964632909744978,0.009956585243344307,0.010266842320561409,0.010577099397778511],"_type":"histogram","values":[1,1,0,2,0,1,3,0,1,2,3,4,2,8,7,11,15,9,25,54,72,90,135,202,270,368,613,892,1371,3461,1636,1030,682,447,316,260,173,157,106,70,57,57,45,30,22,20,11,13,8,7,5,2,8,4,5,1,1,1,1,0,1,0,0,1]},"batch_loss":0.03797686845064163,"train_recall":0.9929371748699479,"_runtime":173,"parameters/graph_1fc.bias":{"values":[1,0,0,0,0,0,0,1,0,0,0,0,0,0,0,0,1,0,0,1,0,0,0,1,0,0,0,0,0,1,0,0,0,0,1,1,0,0,0,0,1,0,0,0,0,0,0,0,0,0,0,0,0,0,0,0,0,0,0,0,0,0,0,1],"bins":[-0.03970957174897194,-0.037962909787893295,-0.03621624782681465,-0.03446958214044571,-0.032722920179367065,-0.03097625821828842,-0.029229596257209778,-0.027482934296131134,-0.02573627047240734,-0.023989608511328697,-0.022242944687604904,-0.02049628272652626,-0.018749620765447617,-0.017002956941723824,-0.01525629498064518,-0.013509631156921387,-0.011762969195842743,-0.010016307234764099,-0.008269645273685455,-0.006522979587316513,-0.004776317626237869,-0.0030296556651592255,-0.0012829937040805817,0.00046366825699806213,0.002210330218076706,0.003956995904445648,0.005703657865524292,0.007450319826602936,0.00919698178768158,0.010943643748760223,0.012690309435129166,0.01443697139620781,0.016183629631996155,0.0179302915930748,0.019676953554153442,0.021423619240522385,0.02317028120160103,0.024916943162679672,0.026663605123758316,0.02841026708483696,0.030156932771205902,0.031903594732284546,0.03365025669336319,0.035396918654441833,0.03714358061552048,0.03889024257659912,0.04063690826296806,0.04238357022404671,0.04413023218512535,0.045876894146203995,0.04762355983257294,0.04937022179365158,0.051116883754730225,0.05286354571580887,0.05461020767688751,0.056356869637966156,0.0581035315990448,0.05985019728541374,0.061596859246492386,0.06334352493286133,0.06509018689393997,0.06683684885501862,0.06858351081609726,0.0703301727771759,0.07207683473825455],"_type":"histogram"},"train_f1":0.9929333926693472,"val_precision":0.9892948279578999,"gradients/graph_1layer1.0.weight":{"values":[1,0,1,0,0,0,1,0,0,0,0,0,0,2,4,1,0,6,2,3,3,6,7,15,23,17,26,27,32,24,23,23,21,13,14,14,9,8,5,7,8,7,4,6,3,4,6,7,0,0,2,2,4,1,1,0,2,3,0,0,0,1,0,1],"bins":[-0.018835769966244698,-0.018177347257733345,-0.017518924549221992,-0.01686050184071064,-0.016202079132199287,-0.015543656423687935,-0.014885233715176582,-0.01422681100666523,-0.013568388298153877,-0.012909965589642525,-0.012251542881131172,-0.01159312017261982,-0.010934697464108467,-0.010276274755597115,-0.009617852047085762,-0.00895942933857441,-0.008301006630063057,-0.007642583921551704,-0.006984161213040352,-0.006325738504528999,-0.005667315796017647,-0.005008893087506294,-0.004350470378994942,-0.003692047670483589,-0.0030336249619722366,-0.002375202253460884,-0.0017167795449495316,-0.001058356836438179,-0.0003999341279268265,0.00025848858058452606,0.0009169112890958786,0.0015753339976072311,0.0022337548434734344,0.002892177551984787,0.0035506002604961395,0.004209022969007492,0.004867445677518845,0.005525868386030197,0.00618429109454155,0.006842713803052902,0.007501136511564255,0.008159559220075607,0.00881798192858696,0.009476404637098312,0.010134827345609665,0.010793250054121017,0.01145167276263237,0.012110095471143723,0.012768518179655075,0.013426940888166428,0.01408536359667778,0.014743786305189133,0.015402209013700485,0.016060631722211838,0.01671905443072319,0.017377477139234543,0.018035899847745895,0.018694322556257248,0.0193527452647686,0.020011167973279953,0.020669590681791306,0.021328013390302658,0.02198643609881401,0.022644858807325363,0.023303281515836716],"_type":"histogram"},"gradients/graph_1layer1.0.bias":{"_type":"histogram","values":[1,0,0,0,0,0,1,0,1,0,0,0,0,0,0,0,0,0,1,0,0,0,0,0,0,0,0,0,0,0,0,1,0,0,1,0,0,0,2,0,0,1,0,0,0,1,0,0,0,0,1,2,0,1,0,0,1,0,0,0,0,0,0,1],