{"parameters/layer1.0.bias":{"_type":"histogram","values":[1,0,0,0,1,1,0,0,1,1,0,1,0,0,0,0,0,0,0,2,0,0,0,0,0,1,1,0,0,1,0,0,0,0,0,0,0,0,0,1,1,0,0,0,0,0,0,0,0,0,0,0,0,0,0,1,0,0,0,0,1,0,0,1],"bins":[-0.25232911109924316,-0.24688580632209778,-0.2414425015449524,-0.2359992116689682,-0.23055590689182281,-0.22511260211467743,-0.21966929733753204,-0.21422600746154785,-0.20878270268440247,-0.20333939790725708,-0.1978960931301117,-0.1924527883529663,-0.18700948357582092,-0.18156619369983673,-0.17612288892269135,-0.17067959904670715,-0.16523629426956177,-0.15979298949241638,-0.154349684715271,-0.1489063799381256,-0.14346307516098022,-0.13801977038383484,-0.13257648050785065,-0.12713317573070526,-0.12168987095355988,-0.11624656617641449,-0.1108032763004303,-0.10535997152328491,-0.09991666674613953,-0.09447336196899414,-0.08903007209300995,-0.08358676731586456,-0.07814346253871918,-0.07270015776157379,-0.0672568529844284,-0.061813563108444214,-0.05637025833129883,-0.05092695355415344,-0.04548364877700806,-0.040040358901023865,-0.03459705412387848,-0.029153749346733093,-0.023710444569587708,-0.01826714724302292,-0.012823842465877533,-0.007380545139312744,-0.0019372403621673584,0.0035060569643974304,0.008949361741542816,0.014392666518688202,0.01983596384525299,0.025279268622398376,0.030722565948963165,0.03616587072610855,0.04160917177796364,0.047052472829818726,0.05249577388167381,0.0579390749335289,0.06338237226009369,0.06882567703723907,0.07426898181438446,0.07971227914094925,0.08515558391809464,0.09059888124465942,0.09604218602180481]},"gradients/layer1.0.bias":{"values":[1,0,0,0,0,0,1,0,0,0,0,0,0,0,2,0,0,0,1,2,2,1,1,0,0,1,0,0,1,0,1,0,0,0,0,0,0,0,0,0,0,0,0,0,0,0,0,0,1,0,0,0,0,0,0,0,0,0,0,0,0,0,0,1],"bins":[-0.007023457437753677,-0.006664951331913471,-0.006306445226073265,-0.005947939120233059,-0.005589433014392853,-0.005230926908552647,-0.004872421268373728,-0.004513915162533522,-0.0041554090566933155,-0.0037969029508531094,-0.003438396845012903,-0.003079890739172697,-0.0027213850989937782,-0.002362878993153572,-0.002004372887313366,-0.0016458667814731598,-0.0012873606756329536,-0.0009288545697927475,-0.0005703484639525414,-0.0002118423581123352,0.00014666374772787094,0.0005051693879067898,0.0008636759594082832,0.0012221820652484894,0.001580687239766121,0.001939193345606327,0.002297699451446533,0.0026562055572867393,0.0030147116631269455,0.0033732177689671516,0.003731723874807358,0.004090229980647564,0.00444873608648777,0.004807242192327976,0.005165748298168182,0.0055242544040083885,0.005882760509848595,0.006241266615688801,0.006599772721529007,0.006958278827369213,0.007316784933209419,0.007675290107727051,0.008033796213567257,0.008392302319407463,0.00875080842524767,0.009109314531087875,0.009467820636928082,0.009826326742768288,0.010184832848608494,0.0105433389544487,0.010901845060288906,0.011260351166129112,0.011618857271969318,0.011977363377809525,0.012335868552327156,0.012694375589489937,0.013052880764007568,0.013411387801170349,0.01376989297568798,0.014128399081528187,0.014486905187368393,0.014845411293208599,0.015203917399048805,0.015562423504889011,0.015920929610729218],"_type":"histogram"},"val_precision":0.986418205013445,"epoch":4,"train_recall":0.9921568627450981,"parameters/layer2.0.bias":{"values":[1,0,0,0,1,0,0,0,1,0,0,0,0,0,0,0,0,0,0,0,0,0,1,3,0,0,0,0,0,1,2,0,0,1,1,1,1,1,1,0,2,0,0,0,0,0,0,1,1,0,1,1,0,0,0,2,0,1,0,3,0,1,0,3],"bins":[-0.26195812225341797,-0.25772881507873535,-0.25349947810173035,-0.24927017092704773,-0.24504084885120392,-0.2408115267753601,-0.2365822046995163,-0.23235288262367249,-0.22812356054782867,-0.22389423847198486,-0.21966493129730225,-0.21543560922145844,-0.21120628714561462,-0.2069769650697708,-0.202747642993927,-0.19851833581924438,-0.19428899884223938,-0.19005969166755676,-0.18583036959171295,-0.18160104751586914,-0.17737172544002533,-0.17314240336418152,-0.1689130961894989,-0.1646837592124939,-0.16045445203781128,-0.15622512996196747,-0.15199580788612366,-0.14776648581027985,-0.14353716373443604,-0.13930785655975342,-0.1350785344839096,-0.1308492124080658,-0.12661990523338318,-0.12239057570695877,-0.11816125363111496,-0.11393193900585175,-0.10970261693000793,-0.10547330230474472,-0.10124398022890091,-0.0970146581530571,-0.09278533607721329,-0.08855602145195007,-0.08432669937610626,-0.08009737730026245,-0.07586806267499924,-0.07163874059915543,-0.06740941852331161,-0.0631801038980484,-0.05895078182220459,-0.05472145974636078,-0.050492141395807266,-0.046262823045253754,-0.04203350096940994,-0.03780418261885643,-0.03357486426830292,-0.029345542192459106,-0.025116223841905594,-0.020886903628706932,-0.01665758341550827,-0.012428265064954758,-0.008198944851756096,-0.003969624638557434,0.0002596946433186531,0.004489014390856028,0.008718334138393402],"_type":"histogram"},"val_f1":0.9861596314306648,"train_f1":0.9921661454652094,"test_recall":0.9876,"gradients/layer2.0.weight":{"_type":"histogram","values":[2,0,0,0,0,0,1,0,2,4,1,5,4,5,7,11,7,7,16,19,14,18,26,41,41,61,88,102,155,182,262,365,564,823,1407,6208,705,424,293,206,145,117,93,76,61,47,36,34,24,16,13,11,16,12,7,3,2,2,4,4,0,0,0,1],"bins":[-0.002731320448219776,-0.0026539212558418512,-0.0025765218306332827,-0.0024991226382553577,-0.002421723213046789,-0.0023443240206688643,-0.0022669245954602957,-0.0021895254030823708,-0.002112125977873802,-0.0020347267854958773,-0.0019573275931179523,-0.0018799281679093838,-0.0018025289755314589,-0.0017251296667382121,-0.0016477303579449654,-0.0015703310491517186,-0.0014929317403584719,-0.0014155324315652251,-0.0013381331227719784,-0.0012607338139787316,-0.0011833345051854849,-0.00110593531280756,-0.0010285360040143132,-0.0009511366952210665,-0.0008737373864278197,-0.000796338077634573,-0.0007189388852566481,-0.0006415394600480795,-0.0005641402676701546,-0.000486740842461586,-0.0004093416500836611,-0.0003319422248750925,-0.00025454326532781124,-0.00017714407294988632,-9.974464774131775e-05,-2.234545536339283e-05,5.505396984517574e-05,0.00013245316222310066,0.00020985258743166924,0.00028725177980959415,0.0003646510886028409,0.00044205039739608765,0.0005194497061893344,0.0005968490149825811,0.0006742482073605061,0.0007516475161537528,0.0008290468249469995,0.0009064461337402463,0.000983845442533493,0.0010612447513267398,0.0011386440601199865,0.0012160433689132333,0.00129344267770648,0.001370841870084405,0.0014482411788776517,0.0015256404876708984,0.0016030397964641452,0.001680439105257392,0.0017578384140506387,0.0018352377228438854,0.0019126369152218103,0.001990036340430379,0.002067435532808304,0.0021448349580168724,0.0022222341503947973]},"train_precision":0.992273738816027,"batch_loss":0.0342106819152832,"val_accuracy":0.9861277445109781,