{"_step":149940,"train_recall":0.9891956782713085,"train_precision":0.9893472762440416,"parameters/graph_4layer1.0.weight":{"values":[1,0,1,2,1,3,1,2,0,2,5,7,6,1,3,3,7,5,5,3,2,4,7,9,9,8,13,7,4,10,12,3,13,13,14,12,5,15,14,6,13,10,9,10,16,6,12,12,15,6,9,8,14,5,0,3,4,6,2,1,0,0,0,1],"bins":[-0.4653486907482147,-0.451877623796463,-0.4384065568447113,-0.4249354600906372,-0.4114643931388855,-0.3979933261871338,-0.3845222592353821,-0.37105119228363037,-0.35758012533187866,-0.34410902857780457,-0.33063796162605286,-0.31716689467430115,-0.30369582772254944,-0.29022473096847534,-0.27675366401672363,-0.2632825970649719,-0.24981153011322021,-0.2363404631614685,-0.2228693813085556,-0.2093982994556427,-0.195927232503891,-0.18245616555213928,-0.16898509860038757,-0.15551403164863586,-0.14204296469688416,-0.12857186794281006,-0.11510080099105835,-0.10162973403930664,-0.08815866708755493,-0.07468760013580322,-0.061216503381729126,-0.04774543642997742,-0.03427433967590332,-0.02080327272415161,-0.007332205772399902,0.006138890981674194,0.019609957933425903,0.03308102488517761,0.04655209183692932,0.06002315878868103,0.07349425554275513,0.08696532249450684,0.10043638944625854,0.11390745639801025,0.12737852334976196,0.14084959030151367,0.15432067215442657,0.16779175400733948,0.1812628209590912,0.1947338879108429,0.2082049697637558,0.2216760367155075,0.2351471185684204,0.24861818552017212,0.26208925247192383,0.27556031942367554,0.28903138637542725,0.30250248312950134,0.31597355008125305,0.32944461703300476,0.34291568398475647,0.35638678073883057,0.3698578476905823,0.383328914642334,0.3967999815940857],"_type":"histogram"},"gradients/graph_4fc.weight":{"values":[1,1,0,0,0,1,2,0,0,0,1,1,1,0,5,5,8,11,12,12,14,13,26,25,49,54,68,79,90,167,207,221,342,593,1148,20901,4134,1281,607,360,253,188,132,82,63,41,37,21,32,12,12,19,8,2,7,4,2,1,2,0,0,1,0,1],"bins":[-0.034289486706256866,-0.033334191888570786,-0.032378900796175,-0.03142360597848892,-0.03046831116080284,-0.02951301820576191,-0.028557725250720978,-0.027602430433034897,-0.026647137477993965,-0.025691844522953033,-0.024736549705266953,-0.02378125675022602,-0.02282596379518509,-0.021870668977499008,-0.020915376022458076,-0.019960083067417145,-0.019004788249731064,-0.018049495294690132,-0.01709420047700405,-0.01613890752196312,-0.015183612704277039,-0.014228319749236107,-0.013273026794195175,-0.012317731976509094,-0.011362439021468163,-0.01040714606642723,-0.00945185124874115,-0.008496558293700218,-0.0075412653386592865,-0.006585970520973206,-0.005630677565932274,-0.004675382748246193,-0.003720087930560112,-0.0027647949755191803,-0.0018095001578330994,-0.0008542072027921677,0.00010108761489391327,0.001056380569934845,0.0020116735249757767,0.0029669683426618576,0.003922261297702789,0.004877554252743721,0.005832849070429802,0.006788142025470734,0.007743434980511665,0.008698729798197746,0.009654022753238678,0.010609317570924759,0.01156461052596569,0.012519904412329197,0.013475198298692703,0.014430491253733635,0.015385785140097141,0.016341079026460648,0.01729637198150158,0.01825166493654251,0.019206959754228592,0.020162254571914673,0.021117547526955605,0.022072840481996536,0.023028135299682617,0.02398342825472355,0.02493872120976448,0.02589401602745056,0.026849308982491493],"_type":"histogram"},"parameters/graph_4layer2.0.bias":{"_type":"histogram","values":[2,0,0,0,0,0,0,0,0,1,1,1,1,0,2,2,0,0,1,2,4,0,2,1,0,1,2,2,0,4,2,2,0,1,0,1,1,2,0,1,4,0,1,2,0,2,2,2,2,1,2,2,1,1,1,0,1,0,0,0,0,0,0,1],"bins":[-0.09751702100038528,-0.09538276493549347,-0.09324851632118225,-0.09111426025629044,-0.08898000419139862,-0.0868457481265068,-0.08471149206161499,-0.08257724344730377,-0.08044298738241196,-0.07830873131752014,-0.07617448270320892,-0.07404022663831711,-0.07190597057342529,-0.06977171450853348,-0.06763745844364166,-0.06550320982933044,-0.06336895376443863,-0.061234697699546814,-0.0591004453599453,-0.05696619302034378,-0.054831936955451965,-0.05269768089056015,-0.05056342855095863,-0.04842917621135712,-0.0462949201464653,-0.044160664081573486,-0.04202641174197197,-0.03989215940237045,-0.03775790333747864,-0.03562364727258682,-0.033489398658275604,-0.03135514259338379,-0.029220886528491974,-0.02708663046360016,-0.024952374398708344,-0.022818125784397125,-0.02068386971950531,-0.018549613654613495,-0.016415361315011978,-0.014281108975410461,-0.012146852910518646,-0.010012596845626831,-0.007878344506025314,-0.005744092166423798,-0.0036098361015319824,-0.0014755800366401672,0.0006586723029613495,0.002792924642562866,0.004927180707454681,0.007061436772346497,0.009195689111948013,0.01132994331419468,0.013464197516441345,0.015598451718688011,0.017732705920934677,0.019866960123181343,0.02200121432542801,0.024135468527674675,0.02626972272992134,0.028403976932168007,0.030538231134414673,0.03267248719930649,0.034806739538908005,0.03694099187850952,0.03907524794340134]},"_runtime":196,"_timestamp":1.7673232141049063e+09,"val_recall":0.9810379241516967,"val_f1":0.9811391232265111,"val_accuracy":0.9810379241516967,"parameters/graph_4fc.bias":{"_type":"histogram","values":[1,0,0,0,0,0,0,0,0,0,0,0,0,0,0,0,0,1,0,0,0,0,0,1,0,0,0,1,0,0,0,0,0,0,0,0,0,0,0,0,1,0,0,0,1,1,0,0,0,0,0,0,0,0,1,0,0,0,0,1,0,0,0,1],"bins":[-0.026714248582720757,-0.025959748774766922,-0.025205250829458237,-0.024450751021504402,-0.023696251213550568,-0.022941753268241882,-0.022187253460288048,-0.021432753652334213,-0.020678255707025528,-0.019923757761716843,-0.019169257953763008,-0.018414758145809174,-0.01766026020050049,-0.016905760392546654,-0.01615126058459282,-0.01539676170796156,-0.0146422628313303,-0.01388776395469904,-0.01313326507806778,-0.012378765270113945,-0.011624266393482685,-0.010869767516851425,-0.01011526770889759,-0.009360769763588905,-0.00860626995563507,-0.007851770147681236,-0.007097272202372551,-0.006342772394418716,-0.005588272586464882,-0.004833774641156197,-0.004079274833202362,-0.0033247768878936768,-0.0025702789425849915,-0.001815779134631157,-0.0010612811893224716,-0.0003067813813686371,0.0004477165639400482,0.0012022163718938828,0.0019567161798477173,0.0027112141251564026,0.003465713933110237,0.004220213741064072,0.004974711686372757,0.0057292114943265915,0.006483710370957851,0.007238209247589111,0.007992709055542946,0.008747207932174206,0.009501706808805466,0.010256205685436726,0.011010704562067986,0.01176520437002182,0.01251970324665308,0.01327420212328434,0.014028701931238174,0.014783200807869434,0.015537699684500694,0.01629219949245453,0.017046697437763214,0.01780119724571705,0.018555697053670883,0.01931019499897957,0.020064694806933403,0.02081919275224209,0.021573692560195923]},"gradients/graph_4fc.bias":{"_type":"histogram","values":[1,0,0,0,0,0,0,0,0,0,0,0,0,1,0,0,0,0,0,1,0,0,0,0,0,0,0,0,0,1,0,0,0,0,0,0,0,0,0,2,0,1,0,0,0,0,0,0,0,0,0,1,0,0,0,1,0,0,0,0,0,0,0,1],