{"_wandb":{"runtime":198},"test_recall":0.9888,"gradients/graph_2layer2.0.weight":{"bins":[-0.009280847385525703,-0.009013909846544266,-0.008746972307562828,-0.008480033837258816,-0.008213096298277378,-0.00794615875929594,-0.007679221220314503,-0.007412283681333065,-0.00714534567669034,-0.006878407672047615,-0.006611470133066177,-0.00634453259408474,-0.006077595055103302,-0.005810657050460577,-0.005543719511479139,-0.005276781506836414,-0.005009843967854977,-0.004742906428873539,-0.004475968424230814,-0.004209030885249376,-0.003942092880606651,-0.0036751553416252136,-0.003408217802643776,-0.003141279798001051,-0.0028743422590196133,-0.0026074047200381756,-0.0023404667153954506,-0.002073529176414013,-0.0018065916374325752,-0.0015396536327898502,-0.0012727156281471252,-0.0010057780891656876,-0.0007388410158455372,-0.0004719034768640995,-0.00020496593788266182,6.197206676006317e-05,0.00032891007140278816,0.0005958476103842258,0.0008627851493656635,0.0011297231540083885,0.0013966606929898262,0.0016635982319712639,0.0019305362366139889,0.0021974737755954266,0.0024644113145768642,0.0027313493192195892,0.002998286858201027,0.003265224862843752,0.0035321624018251896,0.0037990999408066273,0.004066037945449352,0.00433297548443079,0.004599913023412228,0.004866851028054953,0.00513378856703639,0.005400726571679115,0.005667664110660553,0.005934601649641991,0.006201539654284716,0.006468477193266153,0.006735415197908878,0.007002352736890316,0.007269290275871754,0.007536228280514479,0.007803165819495916],"_type":"histogram","values":[1,1,1,1,3,1,0,0,1,7,1,2,7,8,13,11,17,14,20,25,33,31,47,68,66,93,137,182,226,328,379,548,836,1161,3295,1605,979,727,502,345,242,193,144,100,88,57,58,39,35,16,18,17,9,13,8,4,10,5,5,4,2,4,3,4]},"val_recall":0.9855289421157685,"val_accuracy":0.9855289421157685,"_step":149940,"parameters/graph_2layer2.0.bias":{"values":[1,0,0,0,0,0,0,1,1,2,0,0,0,0,0,0,0,1,0,1,0,0,2,1,0,2,1,1,1,0,0,2,0,1,1,2,2,0,0,1,0,1,1,0,1,0,1,0,0,0,0,1,0,0,0,0,0,0,0,0,1,0,1,1],"bins":[-0.14827241003513336,-0.14534953236579895,-0.14242666959762573,-0.13950379192829132,-0.1365809142589569,-0.1336580514907837,-0.13073517382144928,-0.12781229615211487,-0.12488942593336105,-0.12196655571460724,-0.11904367804527283,-0.11612080782651901,-0.1131979376077652,-0.11027505993843079,-0.10735218971967697,-0.10442931950092316,-0.10150644183158875,-0.09858356416225433,-0.09566069394350052,-0.0927378237247467,-0.08981494605541229,-0.08689207583665848,-0.08396920561790466,-0.08104632794857025,-0.07812345772981644,-0.07520058751106262,-0.07227770984172821,-0.0693548396229744,-0.06643196940422058,-0.06350909173488617,-0.060586221516132355,-0.05766334384679794,-0.054740481078624725,-0.05181761085987091,-0.0488947331905365,-0.045971862971782684,-0.04304898530244827,-0.04012611508369446,-0.03720324486494064,-0.03428036719560623,-0.03135749697685242,-0.028434626758098602,-0.02551174908876419,-0.022588878870010376,-0.019666004925966263,-0.01674313098192215,-0.013820260763168335,-0.010897386819124222,-0.007974512875080109,-0.0050516389310359955,-0.0021287649869918823,0.0007941052317619324,0.0037169791758060455,0.006639853119850159,0.009562725201249123,0.012485597282648087,0.0154084712266922,0.018331345170736313,0.021254217252135277,0.02417708933353424,0.027099963277578354,0.030022837221622467,0.03294570744037628,0.035868581384420395,0.03879145532846451],"_type":"histogram"},"epoch":2,"train_f1":0.9921998526483902,"batch_loss":0.04601901397109032,"test_precision":0.9888622334149823,"gradients/graph_2layer1.0.bias":{"_type":"histogram","values":[1,0,0,0,0,0,0,0,0,0,0,0,1,0,0,0,0,1,0,0,0,0,0,0,0,0,0,0,0,0,0,0,1,1,0,1,1,1,2,0,0,0,1,0,0,1,0,0,0,0,0,0,0,0,0,0,0,1,0,0,1,0,0,2],"bins":[-0.027930745854973793,-0.027333101257681847,-0.02673545852303505,-0.026137813925743103,-0.025540169328451157,-0.02494252473115921,-0.024344881996512413,-0.023747237399220467,-0.02314959466457367,-0.022551950067281723,-0.021954305469989777,-0.02135666087269783,-0.020759018138051033,-0.020161373540759087,-0.01956373080611229,-0.018966086208820343,-0.018368441611528397,-0.01777079701423645,-0.017173152416944504,-0.016575509682297707,-0.01597786508500576,-0.015380221419036388,-0.014782577753067017,-0.01418493315577507,-0.013587289489805698,-0.012989645823836327,-0.01239200122654438,-0.011794356629252434,-0.011196713894605637,-0.01059906929731369,-0.010001424700021744,-0.009403781965374947,-0.00880613923072815,-0.008208494633436203,-0.007610851898789406,-0.007013207301497459,-0.006415562704205513,-0.005817919969558716,-0.005220275372266769,-0.004622630774974823,-0.004024987109005451,-0.0034273434430360794,-0.002829698845744133,-0.002232055179774761,-0.0016344115138053894,-0.001036766916513443,-0.0004391232505440712,0.00015852134674787521,0.000756165012717247,0.0013538086786866188,0.0019514532759785652,0.002549096941947937,0.003146741073578596,0.0037443852052092552,0.004342028871178627,0.004939673002809286,0.005537317134439945,0.006134961266070604,0.006732605397701263,0.007330249063670635,0.007927892729640007,0.008525537326931953,0.009123180992901325,0.009720825590193272,0.010318469256162643]},"parameters/graph_2layer1.0.weight":{"_type":"histogram","values":[1,0,1,0,0,1,1,0,0,0,0,1,0,1,2,1,1,2,4,3,5,3,4,13,4,5,7,9,10,8,11,13,13,12,16,12,10,7,11,11,22,22,11,16,15,11,12,11,14,15,6,11,3,6,4,6,4,3,1,0,3,0,0,1],"bins":[-0.7384004592895508,-0.7193841338157654,-0.7003677487373352,-0.6813514232635498,-0.6623350381851196,-0.6433187127113342,-0.6243023872375488,-0.6052860021591187,-0.5862696766853333,-0.5672533512115479,-0.5482369661331177,-0.5292206406593323,-0.5102043151855469,-0.4911879301071167,-0.4721716046333313,-0.4531552493572235,-0.4341388940811157,-0.41512253880500793,-0.39610618352890015,-0.37708985805511475,-0.35807350277900696,-0.33905714750289917,-0.32004082202911377,-0.301024466753006,-0.2820081114768982,-0.2629917562007904,-0.24397540092468262,-0.22495907545089722,-0.20594274997711182,-0.18692636489868164,-0.16791003942489624,-0.14889365434646606,-0.12987729907035828,-0.11086097359657288,-0.0918445885181427,-0.0728282630443573,-0.053811877965927124,-0.034795552492141724,-0.015779227018356323,0.003237128257751465,0.022253483533859253,0.04126983880996704,0.06028619408607483,0.07930251955986023,0.09831887483596802,0.1173352301120758,0.1363515555858612,0.155367910861969,0.17438426613807678,0.19340062141418457,0.21241697669029236,0.23143330216407776,0.25044965744018555,0.26946601271629333,0.2884823679924011,0.3074986934661865,0.3265150487422943,0.3455314040184021,0.3645477294921875,0.3835640847682953,0.4025804400444031,0.42159679532051086,0.44061315059661865,0.45962947607040405,0.47864583134651184]},"train_precision":0.9922497307375707,"val_f1":0.9855343637814998,"_runtime":198,"gradients/graph_2fc.weight":{"_type":"histogram","values":[1,0,0,1,0,1,0,0,0,3,4,5,2,4,4,4,8,5,11,14,11,6,20,25,20,22,33,42,41,63,76,111,155,226,633,12549,665,273,156,134,71,58,52,28,28,15,22,14,6,17,10,8,5,3,4,3,1,1,2,2,1,0,0,1],