{"best_val_accuracy":0.9845309381237525,"_step":149940,"val_recall":0.9845309381237525,"_timestamp":1.767319650642316e+09,"gradients/graph_2layer2.0.bias":{"values":[1,0,0,0,0,0,0,0,0,0,0,0,0,0,0,0,0,1,0,0,0,0,0,0,0,0,0,0,0,1,24,0,0,0,0,0,0,1,0,0,1,0,0,0,0,0,1,0,0,1,0,0,0,0,0,0,0,0,0,0,0,0,0,1],"bins":[-0.013119962066411972,-0.012691507115960121,-0.01226305216550827,-0.011834596283733845,-0.011406141333281994,-0.010977686382830143,-0.010549230501055717,-0.010120775550603867,-0.009692320600152016,-0.009263865649700165,-0.008835410699248314,-0.008406954817473888,-0.007978499867022038,-0.007550044916570187,-0.007121589500457048,-0.00669313408434391,-0.006264679133892059,-0.0058362241834402084,-0.00540776876732707,-0.004979313351213932,-0.004550858400762081,-0.00412240345031023,-0.0036939475685358047,-0.003265492618083954,-0.002837037667632103,-0.002408582717180252,-0.001980127766728401,-0.0015516718849539757,-0.0011232169345021248,-0.0006947619840502739,-0.0002663061022758484,0.0001621488481760025,0.000590604729950428,0.001019059680402279,0.0014475146308541298,0.0018759705126285553,0.002304425463080406,0.002732880413532257,0.0031613362953066826,0.0035897912457585335,0.004018246196210384,0.004446701146662235,0.004875156097114086,0.005303611978888512,0.0057320669293403625,0.0061605218797922134,0.006588977295905352,0.00701743271201849,0.007445887662470341,0.007874342612922192,0.008302798494696617,0.008731253445148468,0.009159708395600319,0.00958816334605217,0.01001661829650402,0.010445074178278446,0.010873529128730297,0.011301984079182148,0.011730439960956573,0.012158894911408424,0.012587349861860275,0.013015804812312126,0.013444259762763977,0.013872715644538403,0.014301170594990253],"_type":"histogram"},"val_accuracy":0.9845309381237525,"val_precision":0.984617087607976,"parameters/graph_2layer2.0.weight":{"values":[1,1,0,1,1,1,1,2,6,7,5,9,13,17,18,18,26,21,42,48,49,67,70,92,92,136,202,965,2341,2688,2626,1437,512,369,301,148,95,85,57,54,45,29,24,18,9,11,8,5,3,8,3,3,1,3,1,2,0,0,0,1,0,1,0,1],"bins":[-0.8818968534469604,-0.8538614511489868,-0.825826108455658,-0.7977907657623291,-0.7697553634643555,-0.7417199611663818,-0.713684618473053,-0.6856492757797241,-0.6576138734817505,-0.6295784711837769,-0.601543128490448,-0.5735077857971191,-0.5454723834991455,-0.5174369812011719,-0.489401638507843,-0.4613662660121918,-0.4333308935165405,-0.4052955210208893,-0.37726014852523804,-0.3492248058319092,-0.32118940353393555,-0.2931540012359619,-0.26511865854263306,-0.2370833158493042,-0.20904791355133057,-0.18101251125335693,-0.15297716856002808,-0.12494182586669922,-0.09690642356872559,-0.06887102127075195,-0.040835678577423096,-0.012800335884094238,0.015235066413879395,0.04327046871185303,0.07130581140518188,0.09934115409851074,0.12737655639648438,0.155411958694458,0.18344730138778687,0.21148264408111572,0.23951804637908936,0.267553448677063,0.29558879137039185,0.3236241340637207,0.35165953636169434,0.37969493865966797,0.4077302813529968,0.43576565384864807,0.4638010263442993,0.49183639883995056,0.5198717713356018,0.5479071140289307,0.5759425163269043,0.6039779186248779,0.6320132613182068,0.6600486040115356,0.6880840063095093,0.7161194086074829,0.7441547513008118,0.7721900939941406,0.8002254962921143,0.8282608985900879,0.8562962412834167,0.8843315839767456,0.9123669862747192],"_type":"histogram"},"gradients/graph_2fc.bias":{"_type":"histogram","values":[1,0,0,0,0,0,0,0,0,0,0,0,0,0,0,0,0,0,0,0,0,0,0,0,0,0,0,0,0,1,0,0,0,0,0,0,1,1,0,0,0,0,0,0,0,0,0,0,1,1,0,2,0,0,0,0,0,0,0,0,0,0,1,1],"bins":[-0.006922115571796894,-0.006761545315384865,-0.0066009750589728355,-0.006440404336899519,-0.00627983408048749,-0.0061192638240754604,-0.005958693567663431,-0.005798122845590115,-0.005637552589178085,-0.005476982332766056,-0.005316412076354027,-0.0051558418199419975,-0.004995271563529968,-0.004834700841456652,-0.004674130585044622,-0.004513559862971306,-0.004352989606559277,-0.004192419350147247,-0.004031849093735218,-0.0038712788373231888,-0.003710708348080516,-0.0035501380916684866,-0.0033895676024258137,-0.0032289973460137844,-0.003068427089601755,-0.002907856833189726,-0.0027472861111164093,-0.00258671585470438,-0.0024261455982923508,-0.0022655753418803215,-0.002105004619807005,-0.0019444343633949757,-0.0017838638741523027,-0.0016232936177402735,-0.0014627233613282442,-0.0013021526392549276,-0.0011415823828428984,-0.000981012126430869,-0.0008204418700188398,-0.0006598711479455233,-0.000499300891533494,-0.00033873063512146473,-0.00017816037870943546,-1.7589889466762543e-05,0.00014298036694526672,0.00030355085618793964,0.0004641211125999689,0.0006246916018426418,0.0007852618582546711,0.0009458321146667004,0.0011064026039093733,0.0012669728603214025,0.0014275433495640755,0.0015881136059761047,0.0017486839788034558,0.001909254351630807,0.00206982484087348,0.002230395097285509,0.0023909653536975384,0.0025515358429402113,0.0027121060993522406,0.0028726765885949135,0.0030332468450069427,0.0031938173342496157,0.003354387590661645]},"parameters/graph_2layer2.0.bias":{"_type":"histogram","values":[1,0,0,0,0,0,0,0,0,0,0,1,0,0,0,0,0,0,0,0,0,0,0,0,0,0,0,0,0,0,0,0,0,0,1,1,1,2,1,1,0,0,0,3,1,2,3,1,0,1,1,0,1,1,2,2,2,2,0,0,0,0,0,1],"bins":[-0.23851849138736725,-0.23446117341518402,-0.2304038554430008,-0.22634653747081757,-0.22228921949863434,-0.2182319015264511,-0.21417458355426788,-0.21011726558208466,-0.20605994760990143,-0.2020026296377182,-0.19794531166553497,-0.19388799369335175,-0.18983066082000732,-0.1857733428478241,-0.18171602487564087,-0.17765870690345764,-0.17360138893127441,-0.1695440709590912,-0.16548675298690796,-0.16142943501472473,-0.1573721170425415,-0.15331479907035828,-0.14925748109817505,-0.14520016312599182,-0.1411428451538086,-0.13708552718162537,-0.13302820920944214,-0.1289708912372589,-0.12491357326507568,-0.12085625529289246,-0.11679893732070923,-0.112741619348526,-0.10868430137634277,-0.10462698340415955,-0.10056966543197632,-0.09651234745979309,-0.09245502948760986,-0.08839771151542664,-0.08434039354324341,-0.08028307557106018,-0.07622575759887695,-0.07216843962669373,-0.0681111216545105,-0.06405380368232727,-0.059996481984853745,-0.05593916401267052,-0.05188184604048729,-0.04782452806830406,-0.043767210096120834,-0.03970989212393761,-0.03565257415175438,-0.03159525617957115,-0.027537938207387924,-0.023480616509914398,-0.01942329853773117,-0.015365980565547943,-0.011308662593364716,-0.007251344621181488,-0.0031940266489982605,0.0008632931858301163,0.004920611158013344,0.008977929130196571,0.013035248033702374,0.017092566937208176,0.021149884909391403]},"epoch":2,"batch_loss":0.04144909232854843,"_wandb":{"runtime":189},"gradients/graph_2layer1.0.weight":{"_type":"histogram","values":[1,0,0,1,1,1,0,1,1,0,0,2,1,2,0,1,0,0,2,1,2,2,3,3,6,6,5,4,8,4,13,12,13,13,9,6,17,95,39,19,17,12,12,9,4,7,5,6,5,2,5,1,3,4,1,0,2,3,1,3,0,2,0,2],