{"parameters/graph_1layer1.0.bias":{"bins":[-0.3085499703884125,-0.302322655916214,-0.2960953414440155,-0.289868026971817,-0.28364071249961853,-0.27741339802742004,-0.27118608355522156,-0.26495876908302307,-0.2587314546108246,-0.2525041401386261,-0.2462768256664276,-0.24004951119422913,-0.23382219672203064,-0.22759488224983215,-0.22136756777763367,-0.21514025330543518,-0.2089129388332367,-0.2026856243610382,-0.19645830988883972,-0.19023099541664124,-0.18400368094444275,-0.17777635157108307,-0.17154903709888458,-0.1653217226266861,-0.1590944081544876,-0.15286709368228912,-0.14663977921009064,-0.14041246473789215,-0.13418515026569366,-0.12795783579349518,-0.12173052132129669,-0.1155032068490982,-0.10927588492631912,-0.10304857045412064,-0.09682125598192215,-0.09059394150972366,-0.08436662703752518,-0.07813931256532669,-0.0719119980931282,-0.06568468362092972,-0.05945736914873123,-0.053230054676532745,-0.04700274020433426,-0.04077542573213577,-0.03454810380935669,-0.028320789337158203,-0.022093474864959717,-0.01586616039276123,-0.009638845920562744,-0.003411531448364258,0.0028157830238342285,0.009043097496032715,0.015270411968231201,0.021497726440429688,0.027725044637918472,0.03395235911011696,0.040179673582315445,0.04640698805451393,0.05263430252671242,0.0588616207242012,0.06508893519639969,0.07131624966859818,0.07754356414079666,0.08377087861299515,0.08999819308519363],"_type":"histogram","values":[1,0,0,0,0,0,0,0,0,0,0,1,0,0,0,2,1,1,0,1,0,0,0,0,0,0,0,0,0,0,0,0,0,0,1,0,0,0,2,1,1,0,0,0,1,0,0,1,0,0,0,0,0,0,0,0,0,0,0,0,0,0,1,1]},"val_f1":0.9884256910958017,"val_recall":0.9884231536926148,"gradients/graph_1fc.weight":{"bins":[-0.017105422914028168,-0.016588952392339706,-0.016072480008006096,-0.01555600855499506,-0.015039537101984024,-0.014523065648972988,-0.014006594195961952,-0.013490122742950916,-0.01297365128993988,-0.012457179836928844,-0.011940708383917809,-0.011424236930906773,-0.010907765477895737,-0.0103912940248847,-0.009874822571873665,-0.009358351118862629,-0.008841879665851593,-0.008325408212840557,-0.007808936759829521,-0.007292465306818485,-0.006775993853807449,-0.006259522400796413,-0.0057430509477853775,-0.005226579494774342,-0.004710108041763306,-0.00419363658875227,-0.003677165135741234,-0.003160693682730198,-0.002644222229719162,-0.002127750776708126,-0.0016112793236970901,-0.0010948069393634796,-0.0005783345550298691,-6.186403334140778e-05,0.00045460835099220276,0.0009710798040032387,0.0014875512570142746,0.0020040227100253105,0.0025204941630363464,0.0030369656160473824,0.0035534370690584183,0.004069908522069454,0.00458637997508049,0.005102851428091526,0.005619322881102562,0.006135794334113598,0.006652265787124634,0.00716873724013567,0.007685208693146706,0.008201680146157742,0.008718151599168777,0.009234623052179813,0.00975109450519085,0.010267565958201885,0.010784037411212921,0.011300508864223957,0.011816980317234993,0.012333451770246029,0.012849923223257065,0.0133663946762681,0.013882866129279137,0.014399337582290173,0.014915809035301208,0.015432280488312244,0.01594875194132328],"_type":"histogram","values":[2,2,2,0,5,2,3,1,2,2,4,2,7,5,4,11,6,5,5,12,12,18,22,28,31,39,48,48,58,92,104,254,960,12827,383,158,115,71,70,52,41,29,15,34,18,9,8,6,6,5,6,4,3,3,3,3,3,2,2,2,1,2,1,2]},"train_accuracy":0.9915966386554622,"gradients/graph_1layer1.0.bias":{"bins":[-0.023258518427610397,-0.02271583117544651,-0.022173145785927773,-0.021630458533763885,-0.021087773144245148,-0.02054508589208126,-0.020002398639917374,-0.019459713250398636,-0.01891702599823475,-0.01837434060871601,-0.017831653356552124,-0.017288967967033386,-0.0167462807148695,-0.016203593462705612,-0.015660908073186874,-0.015118220821022987,-0.014575534500181675,-0.014032848179340363,-0.01349016185849905,-0.012947474606335163,-0.01240478828549385,-0.011862101964652538,-0.011319415643811226,-0.010776729322969913,-0.010234043002128601,-0.009691355749964714,-0.009148669429123402,-0.00860598310828209,-0.008063296787440777,-0.007520610466599464,-0.006977923214435577,-0.00643523782491684,-0.005892551504075527,-0.00534986425191164,-0.004807178862392902,-0.004264491610229015,-0.003721805289387703,-0.0031791189685463905,-0.002636432647705078,-0.0020937463268637657,-0.0015510590746998787,-0.0010083727538585663,-0.0004656864330172539,7.699988782405853e-05,0.0006196862086653709,0.0011623725295066833,0.0017050597816705704,0.0022477461025118828,0.002790432423353195,0.0033331187441945076,0.0038758055306971073,0.00441849185153842,0.0049611786380410194,0.005503864958882332,0.006046551279723644,0.006589238066226244,0.007131924387067556,0.007674611173570156,0.008217297494411469,0.008759983815252781,0.009302670136094093,0.00984535738825798,0.010388043709099293,0.010930730029940605,0.011473416350781918],"_type":"histogram","values":[1,0,0,0,0,0,0,0,0,0,0,0,0,0,0,0,0,0,0,0,0,0,0,0,0,0,0,0,1,0,1,1,0,1,0,1,0,1,0,0,2,0,1,1,0,0,0,0,1,0,0,0,0,1,0,0,1,0,1,0,0,0,0,1]},"parameters/graph_1layer1.0.weight":{"_type":"histogram","values":[1,0,0,0,0,0,0,0,1,0,0,0,0,1,1,3,0,3,3,2,1,6,1,6,2,8,9,5,2,10,8,11,13,14,19,15,7,13,13,14,11,22,17,17,22,15,11,7,9,12,8,13,10,9,9,5,5,0,1,1,2,0,0,2],"bins":[-0.8838696479797363,-0.862404465675354,-0.8409392833709717,-0.8194740414619446,-0.7980088591575623,-0.7765436768531799,-0.7550784349441528,-0.7336132526397705,-0.7121480703353882,-0.6906828880310059,-0.6692177057266235,-0.6477524638175964,-0.6262872815132141,-0.6048220992088318,-0.5833568572998047,-0.5618916749954224,-0.54042649269104,-0.5189613103866577,-0.497496098279953,-0.4760308861732483,-0.45456570386886597,-0.43310052156448364,-0.41163530945777893,-0.3901700973510742,-0.3687049150466919,-0.34723973274230957,-0.32577455043792725,-0.30430930852890015,-0.2828441262245178,-0.2613789439201355,-0.2399137020111084,-0.21844851970672607,-0.19698333740234375,-0.17551815509796143,-0.1540529727935791,-0.132587730884552,-0.11112254858016968,-0.08965736627578735,-0.06819212436676025,-0.04672694206237793,-0.025261759757995605,-0.0037965774536132812,0.01766863465309143,0.03913384675979614,0.06059902906417847,0.08206421136856079,0.1035294234752655,0.12499463558197021,0.14645981788635254,0.16792500019073486,0.18939021229743958,0.2108554244041443,0.2323206067085266,0.25378578901290894,0.27525100111961365,0.29671621322631836,0.3181813955307007,0.339646577835083,0.3611117899417877,0.38257700204849243,0.40404218435287476,0.4255073666572571,0.4469725787639618,0.4684377908706665,0.48990297317504883]},"test_precision":0.9897350716821879,"_step":149940,"train_precision":0.9916297357509132,"gradients/graph_1layer2.0.weight":{"values":[2,0,0,0,0,0,0,0,0,0,1,3,3,6,5,5,7,11,15,23,27,42,55,65,88,159,218,301,490,812,5707,1872,956,528,370,272,196,156,109,73,63,37,35,24,15,10,13,8,3,2,3,1,1,2,0,1,2,1,0,1,0,0,0,1],