{"_step":149940,"train_f1":0.991325402077925,"parameters/graph_2layer2.0.bias":{"bins":[-0.13417915999889374,-0.13195769488811493,-0.12973624467849731,-0.1275147795677185,-0.1252933293581009,-0.12307186424732208,-0.12085040658712387,-0.11862894892692566,-0.11640749126672745,-0.11418603360652924,-0.11196456849575043,-0.10974311083555222,-0.107521653175354,-0.10530019551515579,-0.10307873785495758,-0.10085727274417877,-0.09863582253456116,-0.09641435742378235,-0.09419289976358414,-0.09197144210338593,-0.08974998444318771,-0.0875285267829895,-0.0853070616722107,-0.08308561146259308,-0.08086414635181427,-0.07864268869161606,-0.07642123103141785,-0.07419977337121964,-0.07197831571102142,-0.06975685060024261,-0.0675353929400444,-0.06531393527984619,-0.06309247016906738,-0.06087101623415947,-0.05864955857396126,-0.056428100913763046,-0.054206639528274536,-0.051985178142786026,-0.049763720482587814,-0.0475422628223896,-0.04532080516219139,-0.04309934377670288,-0.04087788611650467,-0.03865642845630646,-0.03643496707081795,-0.034213509410619736,-0.031992051750421524,-0.029770590364933014,-0.027549132704734802,-0.02532767504453659,-0.02310621552169323,-0.02088475599884987,-0.018663298338651657,-0.016441838815808296,-0.014220379292964935,-0.011998921632766724,-0.009777462109923363,-0.0075560035184025764,-0.00533454492688179,-0.0031130854040384293,-0.000891626812517643,0.0013298317790031433,0.003551290836185217,0.0057727498933672905,0.007994208484888077],"_type":"histogram","values":[1,0,0,0,0,0,0,0,0,0,0,0,1,0,0,2,1,0,0,0,0,1,0,0,1,0,2,1,0,1,1,0,1,2,0,0,0,0,1,0,0,0,0,0,0,0,1,1,0,1,0,0,0,0,2,1,0,2,1,1,3,1,0,2]},"parameters/graph_2layer1.0.bias":{"bins":[-0.2256295084953308,-0.22157752513885498,-0.21752555668354034,-0.21347357332706451,-0.20942160487174988,-0.20536962151527405,-0.2013176530599594,-0.19726566970348358,-0.19321370124816895,-0.18916171789169312,-0.18510974943637848,-0.18105776607990265,-0.177005797624588,-0.17295381426811218,-0.16890183091163635,-0.16484986245632172,-0.16079789400100708,-0.15674591064453125,-0.15269392728805542,-0.14864195883274078,-0.14458999037742615,-0.14053800702095032,-0.1364860236644745,-0.13243405520915985,-0.12838207185268402,-0.12433009594678879,-0.12027812004089355,-0.11622614413499832,-0.11217416822910309,-0.10812219232320786,-0.10407021641731262,-0.10001824796199799,-0.09596625715494156,-0.09191427379846573,-0.08786230534315109,-0.08381032943725586,-0.07975835353136063,-0.0757063776254654,-0.07165440171957016,-0.06760242581367493,-0.0635504499077797,-0.059498466551303864,-0.05544649064540863,-0.0513945147395134,-0.047342538833618164,-0.04329056292772293,-0.0392385870218277,-0.035186611115932465,-0.03113463521003723,-0.027082659304142,-0.023030683398246765,-0.018978707492351532,-0.014926731586456299,-0.010874751955270767,-0.006822776049375534,-0.002770800143480301,0.0012811757624149323,0.005333151668310165,0.009385127574205399,0.013437105342745781,0.017489081248641014,0.021541057154536247,0.02559303492307663,0.029645010828971863,0.033696986734867096],"_type":"histogram","values":[1,1,0,0,0,0,0,0,0,1,0,0,0,0,0,0,0,0,0,1,0,0,0,0,0,0,0,0,0,0,0,0,1,0,0,0,0,0,0,0,0,0,1,0,1,2,0,0,0,1,1,1,0,0,0,0,0,1,0,1,1,0,0,1]},"train_precision":0.9913778933802385,"gradients/graph_2layer1.0.bias":{"bins":[-0.04246331378817558,-0.04146822169423103,-0.040473129600286484,-0.039478037506341934,-0.038482945412397385,-0.037487853318452835,-0.036492761224508286,-0.035497672855854034,-0.034502580761909485,-0.033507488667964935,-0.032512396574020386,-0.031517304480075836,-0.030522212386131287,-0.029527120292186737,-0.028532028198242188,-0.027536936104297638,-0.02654184401035309,-0.02554675191640854,-0.02455165982246399,-0.02355656772851944,-0.02256147563457489,-0.02156638540327549,-0.02057129330933094,-0.01957620121538639,-0.01858110912144184,-0.01758601702749729,-0.016590924933552742,-0.015595832839608192,-0.014600742608308792,-0.013605650514364243,-0.012610558420419693,-0.011615466326475143,-0.010620374232530594,-0.009625282138586044,-0.008630190044641495,-0.007635097950696945,-0.006640005856752396,-0.005644915625452995,-0.004649823531508446,-0.003654731437563896,-0.0026596393436193466,-0.001664547249674797,-0.0006694551557302475,0.00032563693821430206,0.0013207271695137024,0.002315819263458252,0.0033109113574028015,0.004306003451347351,0.005301095545291901,0.00629618763923645,0.007291279733181,0.008286370895802975,0.009281462989747524,0.010276555083692074,0.011271646246314049,0.012266738340258598,0.013261830434203148,0.014256922528147697,0.015252014622092247,0.016247104853391647,0.017242196947336197,0.018237289041280746,0.019232381135225296,0.020227473229169846,0.021222565323114395],"_type":"histogram","values":[1,1,0,0,0,0,0,0,0,1,0,0,0,0,0,0,0,0,0,0,1,0,0,0,0,1,1,0,0,0,0,0,0,0,1,1,0,0,0,1,0,0,0,1,0,0,1,0,1,0,1,1,1,0,0,0,0,0,0,0,0,0,0,1]},"gradients/graph_2layer2.0.bias":{"_type":"histogram","values":[1,0,0,0,0,0,0,0,0,0,0,0,0,0,0,0,0,0,1,0,0,0,0,1,0,0,0,0,0,0,0,0,0,2,0,1,0,0,0,1,0,13,1,0,1,0,2,0,0,1,2,0,0,1,0,2,0,0,0,0,0,0,1,1],"bins":[-0.014394419267773628,-0.014047829434275627,-0.013701239600777626,-0.013354649767279625,-0.013008059933781624,-0.012661470100283623,-0.012314880266785622,-0.01196829043328762,-0.01162170059978962,-0.011275110766291618,-0.010928520932793617,-0.010581930167973042,-0.01023534033447504,-0.00988875050097704,-0.009542160667479038,-0.009195570833981037,-0.008848981000483036,-0.008502391166985035,-0.008155801333487034,-0.007809211499989033,-0.007462621666491032,-0.007116031367331743,-0.006769441533833742,-0.006422852165997028,-0.006076261401176453,-0.0057296715676784515,-0.0053830817341804504,-0.005036491900682449,-0.004689902067184448,-0.004343312233686447,-0.003996722400188446,-0.003650132566690445,-0.003303542733192444,-0.0029569528996944427,-0.0026103630661964417,-0.0022637732326984406,-0.0019171833992004395,-0.0015705935657024384,-0.0012240037322044373,-0.0008774138987064362,-0.0005308240652084351,-0.00018423330038785934,0.00016235606744885445,0.0005089459009468555,0.000855536200106144,0.001202126033604145,0.0015487158671021461,0.0018953057006001472,0.0022418955340981483,0.0025884853675961494,0.0029350752010941505,0.0032816650345921516,0.0036282548680901527,0.003974844701588154,0.004321435000747442,0.004668024834245443,0.0050146146677434444,0.0053612045012414455,0.005707794334739447,0.006054384633898735,0.006400974467396736,0.006747564300894737,0.007094154134392738,0.0074407439678907394,0.0077873338013887405]},"_runtime":307,"_wandb":{"runtime":307},"gradients/graph_2layer1.0.weight":{"_type":"histogram","values":[1,0,0,0,0,0,2,1,0,0,0,1,1,1,1,2,0,0,2,2,1,2,0,2,6,3,3,5,10,4,8,8,14,8,10,26,17,18,29,28,27,20,12,12,12,10,12,8,7,8,9,13,3,5,6,3,3,4,6,0,2,0,0,2],