{"test_accuracy":0.9894,"val_precision":0.986805656607477,"gradients/graph_4fc.weight":{"bins":[-0.08225054293870926,-0.07975958287715912,-0.07726861536502838,-0.07477765530347824,-0.0722866877913475,-0.06979572772979736,-0.06730476021766663,-0.06481380015611649,-0.06232283636927605,-0.05983187258243561,-0.05734090879559517,-0.05484994500875473,-0.05235898494720459,-0.04986802116036415,-0.04737705737352371,-0.04488609358668327,-0.042395129799842834,-0.039904166013002396,-0.03741320222616196,-0.03492223843932152,-0.03243127465248108,-0.02994031459093094,-0.0274493508040905,-0.02495838701725006,-0.022467423230409622,-0.019976459443569183,-0.017485499382019043,-0.014994531869888306,-0.012503571808338165,-0.010012604296207428,-0.007521644234657288,-0.00503067672252655,-0.00253971666097641,-4.875659942626953e-05,0.0024422109127044678,0.004933170974254608,0.0074241384863853455,0.009915098547935486,0.012406066060066223,0.014897026121616364,0.017387989908456802,0.01987895369529724,0.02236991748213768,0.02486088126897812,0.02735184133052826,0.029842805117368698,0.03233376890420914,0.034824732691049576,0.037315696477890015,0.039806660264730453,0.04229762405157089,0.04478858783841133,0.04727955162525177,0.04977051168680191,0.05226147547364235,0.05475243926048279,0.05724340304732323,0.059734366834163666,0.062225330621004105,0.06471629440784454,0.06720725446939468,0.06969822198152542,0.07218918204307556,0.0746801495552063,0.07717110961675644],"_type":"histogram","values":[1,0,0,1,1,0,0,0,3,0,0,0,2,1,1,3,0,4,3,3,4,7,8,4,15,11,18,15,16,22,35,30,794,14468,34,34,23,18,15,18,16,10,4,7,7,3,3,5,0,3,1,2,1,0,0,0,3,0,0,1,0,1,0,1]},"train_recall":0.9923169267707083,"parameters/graph_4fc.bias":{"bins":[-0.03187839686870575,-0.03004973940551281,-0.02822108194231987,-0.02639242634177208,-0.02456376887857914,-0.0227351114153862,-0.02090645581483841,-0.01907779835164547,-0.01724914088845253,-0.01542048342525959,-0.01359182596206665,-0.01176317036151886,-0.00993451289832592,-0.00810585543513298,-0.00627719983458519,-0.00444854237139225,-0.0026198849081993103,-0.0007912274450063705,0.0010374300181865692,0.0028660856187343597,0.004694744944572449,0.006523400545120239,0.00835205614566803,0.010180715471506119,0.01200937107205391,0.0138380266726017,0.01566668599843979,0.01749534159898758,0.01932399719953537,0.02115265652537346,0.02298131212592125,0.02480997145175934,0.02663862705230713,0.02846728265285492,0.03029594197869301,0.0321245975792408,0.03395325690507889,0.03578191250562668,0.03761056810617447,0.03943922743201256,0.04126788303256035,0.04309653863310814,0.04492519795894623,0.04675385355949402,0.04858250916004181,0.0504111684858799,0.05223982408642769,0.05406848341226578,0.05589713901281357,0.05772579461336136,0.05955445393919945,0.06138310953974724,0.06321176886558533,0.06504042446613312,0.06686908006668091,0.0686977356672287,0.07052639126777649,0.07235505431890488,0.07418370991945267,0.07601236552000046,0.07784102112054825,0.07966967672109604,0.08149833977222443,0.08332699537277222,0.08515565097332001],"_type":"histogram","values":[1,0,0,0,0,0,1,0,0,1,1,0,0,1,0,1,0,0,0,0,1,0,0,0,0,0,0,0,0,1,0,0,0,0,0,0,0,0,0,0,0,0,0,0,0,0,0,0,0,0,0,0,1,0,0,0,0,0,0,0,0,0,0,1]},"test_precision":0.9894397573933875,"test_recall":0.9894,"gradients/graph_4layer2.0.bias":{"bins":[-0.016378391534090042,-0.015869982540607452,-0.015361573547124863,-0.014853164553642273,-0.014344755560159683,-0.013836346566677094,-0.013327937573194504,-0.012819528579711914,-0.012311119586229324,-0.011802710592746735,-0.011294301599264145,-0.010785892605781555,-0.010277483612298965,-0.009769074618816376,-0.009260665625333786,-0.008752256631851196,-0.008243847638368607,-0.007735438644886017,-0.007227029651403427,-0.006718620657920837,-0.006210211664438248,-0.005701802670955658,-0.005193393677473068,-0.0046849846839904785,-0.004176575690507889,-0.003668166697025299,-0.0031597577035427094,-0.0026513487100601196,-0.00214293971657753,-0.0016345307230949402,-0.0011261217296123505,-0.0006177127361297607,-0.00010930188000202179,0.00039910711348056793,0.0009075161069631577,0.0014159251004457474,0.001924334093928337,0.002432743087410927,0.0029411520808935165,0.0034495610743761063,0.003957970067858696,0.004466379061341286,0.004974788054823875,0.005483197048306465,0.005991606041789055,0.006500015035271645,0.007008424028754234,0.007516833022236824,0.008025242015719414,0.008533651009202003,0.009042060002684593,0.009550468996167183,0.010058877989649773,0.010567286983132362,0.011075695976614952,0.011584104970097542,0.012092513963580132,0.012600922957062721,0.013109331950545311,0.0136177409440279,0.01412614993751049,0.01463455893099308,0.01514296792447567,0.01565137691795826,0.01615978591144085],"_type":"histogram","values":[1,0,0,0,0,0,0,1,0,0,0,1,0,0,0,1,0,0,0,0,0,0,0,1,1,1,1,0,1,0,0,1,6,2,1,0,3,1,1,0,0,0,0,0,0,1,1,1,0,0,3,0,0,0,1,0,0,0,0,0,0,0,0,1]},"train_accuracy":0.9923169267707083,"_step":149940,"_timestamp":1.7673376684660342e+09,"gradients/graph_4layer1.0.bias":{"bins":[-0.02347313053905964,-0.021655132994055748,-0.019837137311697006,-0.018019139766693115,-0.016201142221689224,-0.014383144676685333,-0.012565148063004017,-0.0107471514493227,-0.00892915390431881,-0.0071111563593149185,-0.0052931588143110275,-0.0034751631319522858,-0.0016571655869483948,0.00016083195805549622,0.001978827640414238,0.003796825185418129,0.00561482273042202,0.007432820275425911,0.009250817820429802,0.011068815365433693,0.012886812910437584,0.014704806730151176,0.016522804275155067,0.01834080182015896,0.02015879936516285,0.02197679691016674,0.02379479445517063,0.025612792000174522,0.027430785819888115,0.029248783364892006,0.031066780909895897,0.03288477659225464,0.03470277786254883,0.03652077540755272,0.03833877295255661,0.0401567704975605,0.04197476804256439,0.043792761862277985,0.045610759407281876,0.04742875695228577,0.04924675449728966,0.05106475204229355,0.05288274958729744,0.05470074713230133,0.05651874095201492,0.058336738497018814,0.060154736042022705,0.061972733587026596,0.06379073113203049,0.06560872495174408,0.06742672622203827,0.06924472004175186,0.07106272131204605,0.07288071513175964,0.07469871640205383,0.07651671022176743,0.07833470404148102,0.08015270531177521,0.0819706991314888,0.08378870040178299,0.08560669422149658,0.08742469549179077,0.08924268931150436,0.09106069058179855,0.09287868440151215],"_type":"histogram","values":[2,0,1,1,0,1,1,0,1,0,0,3,1,1,1,1,0,0,1,0,0,0,0,0,0,0,0,0,0,0,0,0,0,0,0,0,0,0,0,0,0,0,0,0,0,0,0,0,0,0,0,0,0,0,0,0,0,0,0,0,0,0,0,1]},"test_f1":0.9893949594851661,"epoch":2,"gradients/graph_4layer1.0.weight":{"_type":"histogram","values":[1,0,1,2,1,2,8,9,13,5,18,13,26,31,34,62,34,52,25,15,12,7,8,7,1,1,0,0,0,0,1,1,0,0,1,0,0,1,1,0,1,0,0,0,0,0,0,1,0,0,1,0,0,1,1,0,0,1,0,0,0,0,0,1],