{"gradients/fc.bias":{"_type":"histogram","values":[1,0,0,0,0,0,0,0,0,0,0,0,0,0,0,0,0,0,0,0,0,0,0,0,0,0,0,0,0,0,0,0,0,0,1,0,2,1,2,0,0,0,0,0,0,1,0,0,0,1,0,0,0,0,0,0,0,0,0,0,0,0,0,1],"bins":[-0.005629901774227619,-0.005482139531522989,-0.005334377288818359,-0.005186615511775017,-0.005038853269070387,-0.004891091026365757,-0.004743328783661127,-0.004595566540956497,-0.004447804298251867,-0.004300042055547237,-0.004152280278503895,-0.004004518035799265,-0.003856755793094635,-0.003708993550390005,-0.003561231307685375,-0.003413469297811389,-0.003265707055106759,-0.003117944812402129,-0.002970182802528143,-0.002822420559823513,-0.002674658317118883,-0.002526896307244897,-0.002379134064540267,-0.002231371821835637,-0.002083609811961651,-0.001935847569257021,-0.001788085326552391,-0.0016403230838477612,-0.0014925608411431313,-0.0013447990640997887,-0.0011970368213951588,-0.0010492745786905289,-0.0009015121031552553,-0.0007537498604506254,-0.0006059876177459955,-0.0004582253750413656,-0.00031046359799802303,-0.00016270135529339314,-1.4939112588763237e-05,0.00013282313011586666,0.00028058537282049656,0.0004283473826944828,0.0005761096253991127,0.0007238718681037426,0.0008716338779777288,0.0010193961206823587,0.0011671583633869886,0.0013149203732609749,0.0014626826159656048,0.0016104448586702347,0.001758206868544221,0.0019059691112488508,0.0020537313539534807,0.002201493363827467,0.002349255606532097,0.0024970178492367268,0.0026447800919413567,0.002792542101815343,0.002940304344519973,0.003088066354393959,0.003235828597098589,0.003383590839803219,0.0035313530825078487,0.003679115092381835,0.003826877335086465]},"batch_loss":0.004294262267649174,"_timestamp":1.7671703410890863e+09,"parameters/layer2.0.weight":{"bins":[-0.9152442812919617,-0.8911617398262024,-0.8670792579650879,-0.8429967164993286,-0.8189141750335693,-0.7948316931724548,-0.7707491517066956,-0.746666669845581,-0.7225841283798218,-0.6985015869140625,-0.674419105052948,-0.6503365635871887,-0.6262540817260742,-0.6021715402603149,-0.5780889987945557,-0.5540064573287964,-0.5299239754676819,-0.5058414936065674,-0.4817589521408081,-0.45767641067504883,-0.43359389901161194,-0.40951138734817505,-0.38542884588241577,-0.36134636402130127,-0.337263822555542,-0.3131812810897827,-0.2890987992286682,-0.26501625776290894,-0.24093371629714966,-0.21685123443603516,-0.19276869297027588,-0.16868621110916138,-0.14460372924804688,-0.1205211877822876,-0.0964387059211731,-0.07235616445541382,-0.048273682594299316,-0.02419114112854004,-0.00010859966278076172,0.02397388219833374,0.04805642366409302,0.0721389651298523,0.0962214469909668,0.12030398845672607,0.14438650012016296,0.16846901178359985,0.19255155324935913,0.21663406491279602,0.2407165765762329,0.2647990882396698,0.2888815999031067,0.31296414136886597,0.33704665303230286,0.36112916469573975,0.385211706161499,0.4092942178249359,0.4333767294883728,0.4574592411518097,0.4815417528152466,0.5056242942810059,0.5297068357467651,0.5537893176078796,0.5778718590736389,0.6019543409347534,0.6260368824005127],"_type":"histogram","values":[1,0,1,1,0,2,3,3,3,5,9,9,8,16,24,25,17,40,37,57,83,77,100,143,158,157,198,233,278,362,382,477,553,644,857,1016,991,1023,1002,773,576,516,403,324,247,222,158,150,110,86,61,44,42,24,18,10,15,8,5,6,3,0,2,2]},"parameters/layer2.0.bias":{"values":[1,0,0,0,0,0,0,0,0,0,0,0,0,0,1,1,0,0,0,0,0,0,0,0,1,0,1,0,0,0,3,0,1,1,0,0,0,2,0,0,0,0,0,0,0,1,1,1,1,3,1,4,1,1,1,1,0,1,1,0,0,1,0,1],"bins":[-0.3418633043766022,-0.33649542927742004,-0.3311275839805603,-0.3257597088813782,-0.32039183378219604,-0.3150239586830139,-0.3096560835838318,-0.30428823828697205,-0.2989203631877899,-0.2935524880886078,-0.28818464279174805,-0.2828167676925659,-0.2774488925933838,-0.27208101749420166,-0.26671314239501953,-0.2613452970981598,-0.25597742199897766,-0.25060954689979553,-0.2452416867017746,-0.23987382650375366,-0.23450595140457153,-0.2291380763053894,-0.22377021610736847,-0.21840235590934753,-0.2130344808101654,-0.20766660571098328,-0.20229874551296234,-0.1969308853149414,-0.19156301021575928,-0.18619513511657715,-0.1808272749185562,-0.17545941472053528,-0.17009153962135315,-0.16472366452217102,-0.15935580432415009,-0.15398794412612915,-0.14862006902694702,-0.1432521939277649,-0.13788433372974396,-0.13251647353172302,-0.1271485984325409,-0.12178072333335876,-0.11641285568475723,-0.1110449880361557,-0.10567712038755417,-0.10030925273895264,-0.0949413850903511,-0.08957351744174957,-0.08420564979314804,-0.07883778214454651,-0.07346991449594498,-0.06810204684734344,-0.06273417919874191,-0.05736631527543068,-0.05199844762682915,-0.046630579978227615,-0.04126271232962608,-0.03589484468102455,-0.03052697516977787,-0.025159107521176338,-0.019791239872574806,-0.014423372223973274,-0.009055504575371742,-0.003687637159600854,0.001680230489000678],"_type":"histogram"},"train_recall":0.9938375350140056,"val_accuracy":0.987624750499002,"parameters/layer1.0.bias":{"bins":[-0.334231972694397,-0.32784053683280945,-0.3214491307735443,-0.3150576949119568,-0.30866625905036926,-0.3022748529911041,-0.2958834171295166,-0.2894919812679291,-0.28310057520866394,-0.2767091393470764,-0.2703177332878113,-0.26392629742622375,-0.25753486156463623,-0.2511434555053711,-0.24475201964378357,-0.23836058378219604,-0.23196916282176971,-0.22557774186134338,-0.21918630599975586,-0.21279488503932953,-0.2064034640789032,-0.20001202821731567,-0.19362060725688934,-0.187229186296463,-0.1808377504348755,-0.17444632947444916,-0.16805490851402283,-0.1616634875535965,-0.15527205169200897,-0.14888063073158264,-0.1424892097711563,-0.1360977739095688,-0.12970635294914246,-0.12331493943929672,-0.1169235035777092,-0.11053208261728287,-0.10414066165685654,-0.09774922579526901,-0.09135780483484268,-0.08496638387441635,-0.07857496291399002,-0.0721835270524025,-0.06579210609197617,-0.059400685131549835,-0.05300924926996231,-0.04661782830953598,-0.04022639989852905,-0.03383497893810272,-0.027443550527095795,-0.021052122116088867,-0.014660701155662537,-0.008269272744655609,-0.0018778517842292786,0.004513576626777649,0.010905005037784576,0.017296429723501205,0.023687854409217834,0.030079279094934464,0.03647070378065109,0.04286213219165802,0.04925355687737465,0.05564498156309128,0.062036409974098206,0.06842783093452454,0.07481925934553146],"_type":"histogram","values":[1,0,0,0,0,0,0,0,0,0,0,0,0,0,0,0,0,1,2,0,0,0,1,1,0,1,0,1,0,1,0,0,0,0,0,2,0,0,0,1,0,0,0,0,0,0,0,0,2,0,0,0,0,0,0,0,0,0,0,0,0,1,0,1]},"train_precision":0.9938741728339044,"gradients/layer2.0.bias":{"bins":[-0.0038602473214268684,-0.003727078903466463,-0.003593910252675414,-0.0034607418347150087,-0.0033275731839239597,-0.0031944047659635544,-0.003061236348003149,-0.0029280679300427437,-0.0027948992792516947,-0.0026617306284606457,-0.0025285622105002403,-0.002395393792539835,-0.0022622253745794296,-0.0021290567237883806,-0.0019958883058279753,-0.0018627196550369263,-0.001729551237076521,-0.0015963828191161156,-0.0014632141683250666,-0.0013300457503646612,-0.0011968770995736122,-0.0010637086816132069,-0.0009305402636528015,-0.0007973716128617525,-0.0006642031949013472,-0.0005310347769409418,-0.0003978661261498928,-0.00026469770818948746,-0.0001315292902290821,1.639360561966896e-06,0.0001348080113530159,0.00026797642931342125,0.0004011443816125393,0.0005343127995729446,0.00066748121753335,0.000800649868324399,0.000933818519115448,0.0010669869370758533,0.0012001553550362587,0.0013333240058273077,0.001466492423787713,0.0015996608417481184,0.0017328294925391674,0.0018659979104995728,0.001999166328459978,0.002132334979251027,0.0022655033972114325,0.0023986720480024815,0.002531840465962887,0.002665008883923292,0.002798177534714341,0.0029313459526747465,0.0030645146034657955,0.003197683021426201,0.003330851439386606,0.0034640198573470116,0.0035971885081380606,0.0037303571589291096,0.003863525576889515,0.00399669399484992,0.004129862412810326,0.004263030830770731,0.004396199714392424,0.004529368132352829,0.004662536550313234],"_type":"histogram",